smiles,canonical_smiles
Cl/C=C/Cc1csnn1,Cl/C=C/Cc1csnn1
Cl/C=C/Cc1cn[nH]n1,Cl/C=C/Cc1cn[nH]n1
CN(Cl)c1cccc(N)c1,CN(Cl)c1cccc(N)c1
CN(Cl)c1ccc(N)cc1,CN(Cl)c1ccc(N)cc1
C=C(Cl)/C=C(Cl)\N=C/N,C=C(Cl)/C=C(Cl)\N=C/N
C=C/C(Br)=C\N=C(N)Cl,C=C/C(Br)=C\N=C(N)Cl
C=C(Cl)n1nccc1C,C=C(Cl)n1nccc1C
Nc1ccc(CNCl)cc1,Nc1ccc(CNCl)cc1
C=C(Cl)C(Cl)=N/C=C\N,C=C(Cl)C(Cl)=N/C=C\N
C=C(Cl)/C=C\N=C(N)Cl,C=C(Cl)/C=C\N=C(N)Cl
Cc1ncc(Cl)nc1N,Cc1ncc(Cl)nc1N
C=N/C(Cl)=C\C(Cl)=NC,C=N/C(Cl)=C\C(Cl)=NC
C=C(N)c1cc(Cl)c(C)[nH]1,C=C(N)c1cc(Cl)c(C)[nH]1
C=C(C)c1cnc(Cl)n1C,C=C(C)c1cnc(Cl)n1C
C=NC1=NC=CC(Cl)C1,C=NC1=NC=CC(Cl)C1
CN=C/C(Br)=C\N=CCl,CN=C/C(Br)=C\N=CCl
C=C/C(F)=C\N=C(N)Cl,C=C/C(F)=C\N=C(N)Cl
Nc1ccccc1NCCl,Nc1ccccc1NCCl
CC1CC1/C(N)=N/Cl,CC1CC1/C(N)=N/Cl
NCc1ccc(CCl)nc1,NCc1ccc(CCl)nc1
Nc1cc(N)nc(Cl)c1,Nc1cc(N)nc(Cl)c1
CC1C=NC(Cl)=NC1Cl,CC1C=NC(Cl)=NC1Cl
N#C[C@@H]1C[C@@H]2C[C@@H]2N1Cl,N#C[C@@H]1C[C@@H]2C[C@@H]2N1Cl
CN1C=NCC1CCl,CN1C=NCC1CCl
CC1=CNC(Cl)=NC1Cl,CC1=CNC(Cl)=NC1Cl
N=CC(=N)C(=N)/C=C/Cl,N=CC(=N)C(=N)/C=C/Cl
CC1CC(Cl)=NC(Cl)=N1,CC1CC(Cl)=NC(Cl)=N1
Cc1cncnc1CCl,Cc1cncnc1CCl
Clc1ccc(Cl)nc1.N,Clc1ccc(Cl)nc1.N
Cl.N#CCC1CNC1,Cl.N#CCC1CNC1
C/C=C(Cl)\N=C/N=CCl,C/C=C(Cl)\N=C/N=CCl
Clc1ccnn1CC1CC1,Clc1ccnn1CC1CC1
C=C(Cl)/C=C(/Br)C(=N)N,C=C(Cl)/C=C(/Br)C(=N)N
Cl.c1cn2cc[nH]c2n1,Cl.c1cn2cc[nH]c2n1
NNc1cncc(Cl)c1,NNc1cncc(Cl)c1
CN=C(Cl)/C(C)=C\N,CN=C(Cl)/C(C)=C\N
Cc1cnnc(Cl)c1N,Cc1cnnc(Cl)c1N
CCc1cnc(Cl)c(N)c1,CCc1cnc(Cl)c(N)c1
N=CC1=CCNC(Cl)=C1,N=CC1=CCNC(Cl)=C1
CC1N=C(Cl)NC=C1Cl,CC1N=C(Cl)NC=C1Cl
CN(C)/C=C(\Cl)C=N,CN(C)/C=C(\Cl)C=N
CNc1ccc(C)nc1Cl,CNc1ccc(C)nc1Cl
NCc1cccc(CCl)n1,NCc1cccc(CCl)n1
CNc1cccc(CCl)n1,CNc1cccc(CCl)n1
C=CCc1nsc(Cl)n1,C=CCc1nsc(Cl)n1
CC1=CN=CC(Cl)=CN1,CC1=CN=CC(Cl)=CN1
Nc1ccc(SCl)cn1,Nc1ccc(SCl)cn1
N=c1ccc(Cl)cn1N,N=c1ccc(Cl)cn1N
CNc1cnc(Cl)cn1,CNc1cnc(Cl)cn1
NC1=CC=C(Cl)NC1Cl,NC1=CC=C(Cl)NC1Cl
C=C(Cl)/N=C\CNC,C=C(Cl)/N=C\CNC
Cn1cc(F)c(CCl)n1,Cn1cc(F)c(CCl)n1
Cn1cc(Cl)c(CCl)n1,Cn1cc(Cl)c(CCl)n1
CN1C=CC(CCl)N1,CN1C=CC(CCl)N1
N=CC1=C2C1[C@H]2Cl,N=CC1=C2C1[C@H]2Cl
C=c1cn[nH]c1=C,C=c1cn[nH]c1=C
CC=Cc1nc[nH]c1Cl,CC=Cc1nc[nH]c1Cl
Nc1ccc(CCl)cc1N,Nc1ccc(CCl)cc1N
C=C1C=NN=C1C,C=C1C=NN=C1C
C1=CN=C2CN2C1,C1=CN=C2CN2C1
N#CC(N)C1=C(Cl)CCC1,N#CC(N)C1=C(Cl)CCC1
C=c1cn[n+](=C)[cH-]1,C=c1cn[n+](=C)[cH-]1
Cl.Cn1cccc1C#N,Cl.Cn1cccc1C#N
C=Nc1cc(Cl)nn1C,C=Nc1cc(Cl)nn1C
C/C=N\C(Cl)=C/NC,C/C=N\C(Cl)=C/NC
CNc1cncc(CCl)c1,CNc1cncc(CCl)c1
C/C=C(/Cl)NC=CN,C/C=C(/Cl)NC=CN
C=C(NCC)C(=N)Cl,C=C(NCC)C(=N)Cl
CC1C(Cl)=CNN1C,CC1C(Cl)=CNN1C
CN1C=C(N)CC1Cl,CN1C=C(N)CC1Cl
C[C@@H](N)/C=C\C(=N)Cl,C[C@@H](N)/C=C\C(=N)Cl
C1=NCc2c[nH]cc21.Cl,C1=NCc2c[nH]cc21.Cl
N=C(Cl)C1CC1C(=N)Cl,N=C(Cl)C1CC1C(=N)Cl
CCN1CC(Cl)C=N1,CCN1CC(Cl)C=N1
C=C(N)/C(N)=C(\C)Cl,C=C(N)/C(N)=C(\C)Cl
Cc1cn(C)cn1.Cl,Cc1cn(C)cn1.Cl
C/C=C1\N=CC(Cl)=N1,C/C=C1\N=CC(Cl)=N1
Cc1c(Cl)nn(C)c1F,Cc1c(Cl)nn(C)c1F
CCn1cc(Cl)c(Br)n1,CCn1cc(Cl)c(Br)n1
CCC1=CN=C=N1,CCC1=CN=C=N1
C=N/C(C)=C\C#N,C=N/C(C)=C\C#N
CN=C/C(Cl)=C\NC,CN=C/C(Cl)=C\NC
ClCC1=CCC(Cl)N=N1,ClCC1=CCC(Cl)N=N1
CCc1nc(C)ncc1Cl,CCc1nc(C)ncc1Cl
C=C1C(N)=CC(Cl)=CN1C,C=C1C(N)=CC(Cl)=CN1C
C#CC(C#N)CN,C#CC(C#N)CN
Cc1cnc(Cl)c(C)c1N,Cc1cnc(Cl)c(C)c1N
C1=CCC=C=NN=1,C1=CCC=C=NN=1
CCN1C=CC(Cl)=C=N1,CCN1C=CC(Cl)=C=N1
C=Nc1ncc(Cl)n1C,C=Nc1ncc(Cl)n1C
C=C(N)C(Cl)=NCC,C=C(N)C(Cl)=NCC
Cn1cc(Cl)c(CF)n1,Cn1cc(Cl)c(CF)n1
C1=CC2C=C2N=N1,C1=CC2C=C2N=N1
CN=C(C)/C(Cl)=C\N,CN=C(C)/C(Cl)=C\N
CC(Cl)n1ccccc1=N,CC(Cl)n1ccccc1=N
CC1=NC=C=NC1,CC1=NC=C=NC1
C/C(Cl)=C\C=C(N)N,C/C(Cl)=C\C=C(N)N
ClCC=Cc1ncc[nH]1,ClCC=Cc1ncc[nH]1
ClCn1cc(C2CC2)cn1,ClCn1cc(C2CC2)cn1
NC1=CC=CNC1(Cl)Br,NC1=CC=CNC1(Cl)Br
NC1(Cl)C=CC(Br)=CN1,NC1(Cl)C=CC(Br)=CN1
ClC1=C=NC=CC1,ClC1=C=NC=CC1
CC1=CN=C=NC1,CC1=CN=C=NC1
ClC1=C=NC=NC1,ClC1=C=NC=NC1
CC#CCN=C=N,CC#CCN=C=N
C=Cc1ncc(CCl)[nH]1,C=Cc1ncc(CCl)[nH]1
C=C=C(N=C)N=C(C)Cl,C=C=C(N=C)N=C(C)Cl
C/C=C(/Cl)C(N)=NC,C/C=C(/Cl)C(N)=NC
Cc1ccc(NCl)nc1,Cc1ccc(NCl)nc1
[C-]#[N+]/C(C)=C\C=N,[C-]#[N+]/C(C)=C\C=N
ClC1(c2ncns2)CC1,ClC1(c2ncns2)CC1
ClC1(c2nncs2)CC1,ClC1(c2nncs2)CC1
C=CC1C=NC=N1,C=CC1C=NC=N1
C#CNC#CNC,C#CNC#CNC
CCc1[nH]nc(Cl)c1Cl,CCc1[nH]nc(Cl)c1Cl
Cc1nc(Cl)cc(N)c1C,Cc1nc(Cl)cc(N)c1C
N#CCC1=NCC(Cl)S1,N#CCC1=NCC(Cl)S1
C=C(Cl)c1ncn(C)c1C,C=C(Cl)c1ncn(C)c1C
C=C1N=CC(Cl)=N1,C=C1N=CC(Cl)=N1
ClCC=Cc1cnc[nH]1,ClCC=Cc1cnc[nH]1
C=CC=C(Cl)C#N,C=CC=C(Cl)C#N
CC1=C(Cl)N(Cl)CN=C1,CC1=C(Cl)N(Cl)CN=C1
NC1(Br)CN=CC=C1Cl,NC1(Br)CN=CC=C1Cl
Cln1cc2c(c1)NCCC2,Cln1cc2c(c1)NCCC2
Cln1cc2c(n1)CCCC2,Cln1cc2c(n1)CCCC2
NN(CCl)c1ccccc1,NN(CCl)c1ccccc1
Cn1cc(Cl)c(C2CC2)n1,Cn1cc(Cl)c(C2CC2)n1
NC1(Cl)C=CC(F)=CN1,NC1(Cl)C=CC(F)=CN1
CCc1cnnc(Cl)c1C,CCc1cnnc(Cl)c1C
CN1C=C(Br)C=NC1Cl,CN1C=C(Br)C=NC1Cl
C1=NC=CCCN=1,C1=NC=CCCN=1
C=CN=C(C)C#N,C=CN=C(C)C#N
C=C(Cl)NC=CC(=N)Cl,C=C(Cl)NC=CC(=N)Cl
CC1=NC=CC1=N,CC1=NC=CC1=N
N#CC1(Cl)CC=CNC1,N#CC1(Cl)CC=CNC1
Nc1ccc(CCCl)nc1,Nc1ccc(CCCl)nc1
N#CCCCC(Cl)C#N,N#CCCCC(Cl)C#N
N#CCC(Cl)CCN,N#CCC(Cl)CCN
Nc1ncc(S)cc1Cl,Nc1ncc(S)cc1Cl
N#CC12CC1C2Cl,N#CC12CC1C2Cl
C=CC(Cl)=CC#N,C=CC(Cl)=CC#N
NC1=C(N)CC(Cl)C1,NC1=C(N)CC(Cl)C1
CC(Cl)(Cl)C1N=CC=N1,CC(Cl)(Cl)C1N=CC=N1
C=C(C#N)N1CC1,C=C(C#N)N1CC1
Nc1ccc(NCCl)cc1,Nc1ccc(NCCl)cc1
NC(Cl)=NC1CCC1,NC(Cl)=NC1CCC1
CCc1nnncc1Cl,CCc1nnncc1Cl
C=CC=C(N)C#N,C=CC=C(N)C#N
ClC=C1C=NC=NC1,ClC=C1C=NC=NC1
CN(NCl)c1ccccc1,CN(NCl)c1ccccc1
[C-]#C[C+]=CC(=N)N,[C-]#C[C+]=CC(=N)N
N=Cc1cc[nH]c1,N=Cc1cc[nH]c1
CN/C=C(/C)C(=N)Cl,CN/C=C(/C)C(=N)Cl
N=C(Cl)c1sccc1N,N=C(Cl)c1sccc1N
CNC1(C#N)CC1.Cl,CNC1(C#N)CC1.Cl
CC1CN=C(Cl)N=C1Cl,CC1CN=C(Cl)N=C1Cl
C=NN(C)/C=C(\C)Cl,C=NN(C)/C=C(\C)Cl
CC1CC(Cl)=NN=C1Cl,CC1CC(Cl)=NN=C1Cl
C=Cc1cn[nH]c1Cl,C=Cc1cn[nH]c1Cl
N/C=C\C(=C/N)CCl,N/C=C\C(=C/N)CCl
C=C/C(Cl)=C\C=C(/C)N=N,C=C/C(Cl)=C\C=C(/C)N=N
C=C(Cl)C=N/C=C(\N)Cl,C=C(Cl)C=N/C=C(\N)Cl
[C-]#[N+]C1(C#N)CC1,[C-]#[N+]C1(C#N)CC1
Cc1ncc(N)c(Cl)c1C,Cc1ncc(N)c(Cl)c1C
Cc1c(Cl)c(F)nn1C,Cc1c(Cl)c(F)nn1C
C/C(C=N)=C(\Cl)C(=N)F,C/C(C=N)=C(\Cl)C(=N)F
C/C(=C/C(=N)F)C(=N)Cl,C/C(=C/C(=N)F)C(=N)Cl
C=C(C)/C=C(/Cl)NN,C=C(C)/C=C(/Cl)NN
C/C(N)=C/C(Cl)=C\N,C/C(N)=C/C(Cl)=C\N
C=N/C(Cl)=C\N(C)C,C=N/C(Cl)=C\N(C)C
CNc1cc(C)ncc1Cl,CNc1cc(C)ncc1Cl
CC(/C=C\N)=C(/N)Cl,CC(/C=C\N)=C(/N)Cl
Cc1cnncc1Br.Cl,Cc1cnncc1Br.Cl
CN1C=NC(C)(Cl)C1,CN1C=NC(C)(Cl)C1
Clc1nccn1CC1CC1,Clc1nccn1CC1CC1
CC1(C#N)C[NH2+]C1.[Cl-],CC1(C#N)C[NH2+]C1.[Cl-]
C=c1[nH]cc(Cl)/c1=C(/C)N,C=c1[nH]cc(Cl)/c1=C(/C)N
Cc1nncn1/C=C/Cl,Cc1nncn1/C=C/Cl
Nc1ccc(S)c(Cl)n1,Nc1ccc(S)c(Cl)n1
NSc1ccc(Cl)nc1,NSc1ccc(Cl)nc1
C=Cn1cc(CCl)nc1C,C=Cn1cc(CCl)nc1C
C=C(SCl)n1ccnc1,C=C(SCl)n1ccnc1
CCc1cc(N)cnc1Cl,CCc1cc(N)cnc1Cl
CCc1c(C)ncnc1Cl,CCc1c(C)ncnc1Cl
CSc1nccnc1Cl,CSc1nccnc1Cl
ClCCc1cncnc1,ClCCc1cncnc1
CCc1nccc(CCl)n1,CCc1nccc(CCl)n1
Cn1cc(CCl)c(Br)n1,Cn1cc(CCl)c(Br)n1
C/C=C(/C#N)SC(=N)Cl,C/C=C(/C#N)SC(=N)Cl
N#C[C@H]1CCNC1.[Cl-].[H+],N#C[C@H]1CCNC1.[Cl-].[H+]
CN[C@@H](C#N)C(C)Cl,CN[C@@H](C#N)C(C)Cl
C=C/C=C/C=C(/Cl)C(=N)N,C=C/C=C/C=C(/Cl)C(=N)N
CN(Cl)C(C)(C)C#N,CN(Cl)C(C)(C)C#N
C/C(N)=C/C=C(\N)Cl,C/C(N)=C/C=C(\N)Cl
CN=C/C(=C\N)CCl,CN=C/C(=C\N)CCl
Cl.Nc1cncc(Cl)c1,Cl.Nc1cncc(Cl)c1
CC(Cl)c1cncnc1,CC(Cl)c1cncnc1
NSc1cccnc1Cl,NSc1cccnc1Cl
C=N/C=C(Cl)\N=C(/C)Cl,C=N/C=C(Cl)\N=C(/C)Cl
CC1(C)CN=C(Cl)N1,CC1(C)CN=C(Cl)N1
C/C(Cl)=C\C(Cl)=NC=N,C/C(Cl)=C\C(Cl)=NC=N
CCC(Cl)=NC(C)=N,CCC(Cl)=NC(C)=N
CN=CN/C=C(\C)Cl,CN=CN/C=C(\C)Cl
Cl.N#CCn1ccnc1,Cl.N#CCn1ccnc1
C/C(N)=C(\C#N)C(=S)Cl,C/C(N)=C(\C#N)C(=S)Cl
N/N=C1\N=CC=CC1Cl,N/N=C1\N=CC=CC1Cl
Cl.Nc1ccnc(F)c1,Cl.Nc1ccnc(F)c1
Cl.N#CCC1(N)CC1,Cl.N#CCC1(N)CC1
CC1(C#N)C=CC=NC1.Cl,CC1(C#N)C=CC=NC1.Cl
C=C(C)NNC(=C)Cl,C=C(C)NNC(=C)Cl
Cl.N#CN1C=CC=NC1,Cl.N#CN1C=CC=NC1
Cl.c1cn2ccsc2n1,Cl.c1cn2ccsc2n1
C=CC#N.C=CC#N.Cl,C=CC#N.C=CC#N.Cl
N#CCC1=NC=C[NH2+]1.[Cl-],N#CCC1=NC=C[NH2+]1.[Cl-]
CNc1ccc[nH]1.Cl,CNc1ccc[nH]1.Cl
Cl.NN=Cc1ccccc1,Cl.NN=Cc1ccccc1
[C-]#[N+]C1=CCC=N1,[C-]#[N+]C1=CCC=N1
C=CN=C=CN=C,C=CN=C=CN=C
Clc1nccn1C1CC1,Clc1nccn1C1CC1
C.Clc1ncc(Br)cn1,C.Clc1ncc(Br)cn1
Cc1nnc(Cl)nc1C,Cc1nnc(Cl)nc1C
C1=CC2=NC2N=C1,C1=CC2=NC2N=C1
C1=CC2N=C2C=N1,C1=CC2N=C2C=N1
Cc1ccc(N)nc1Cl,Cc1ccc(N)nc1Cl
NNc1cc(Cl)ccn1,NNc1cc(Cl)ccn1
NCc1cncc(Cl)c1,NCc1cncc(Cl)c1
C=C1C=CN=CN1,C=C1C=CN=CN1
NCc1ccnc(Cl)n1,NCc1ccnc(Cl)n1
Cc1ncnc(Cl)c1N,Cc1ncnc(Cl)c1N
CNc1cncnc1Cl,CNc1cncnc1Cl
Cc1ncc(N)c(Cl)n1,Cc1ncc(N)c(Cl)n1
CC(Cl)n1cc(Cl)cn1,CC(Cl)n1cc(Cl)cn1
Nc1cc(CCl)ccn1,Nc1cc(CCl)ccn1
Cc1ncncc1CCCl,Cc1ncncc1CCCl
Nc1cc(N)cc(CCl)c1,Nc1cc(N)cc(CCl)c1
C1=CC2(C=N2)N=C1,C1=CC2(C=N2)N=C1
Cc1cc(N)c(CCl)cn1,Cc1cc(N)c(CCl)cn1
Clc1cn[nH]c1C1CC1,Clc1cn[nH]c1C1CC1
CC(N)c1ccnc(Cl)c1,CC(N)c1ccnc(Cl)c1
Nc1cncc(N)c1Cl,Nc1cncc(N)c1Cl
CCNc1ccnc(Cl)c1,CCNc1ccnc(Cl)c1
C=Cn1cc(Cl)cn1,C=Cn1cc(Cl)cn1
Cl.Nc1cccnc1F,Cl.Nc1cccnc1F
CCc1nncnc1Cl,CCc1nncnc1Cl
CCc1nncc(Cl)n1,CCc1nncc(Cl)n1
CCc1ccnc(CCl)n1,CCc1ccnc(CCl)n1
Cc1ccnc(CCCl)n1,Cc1ccnc(CCCl)n1
NC(CCl)c1ccccn1,NC(CCl)c1ccccn1
NC(CCl)c1cccnc1,NC(CCl)c1cccnc1
NC(CCl)c1ccncc1,NC(CCl)c1ccncc1
NC(Cl)c1ccncc1,NC(Cl)c1ccncc1
CNC(Cl)c1ccccn1,CNC(Cl)c1ccccn1
CNC(Cl)c1cccnc1,CNC(Cl)c1cccnc1
CNC(Cl)c1ccncc1,CNC(Cl)c1ccncc1
CCc1cc(Cl)cnn1,CCc1cc(Cl)cnn1
CCCc1cc(Cl)cnn1,CCCc1cc(Cl)cnn1
Cc1cc(Cl)c(N)nn1,Cc1cc(Cl)c(N)nn1
CC(C)c1cc(Cl)cnn1,CC(C)c1cc(Cl)cnn1
Clc1ncn2c1CCCC2,Clc1ncn2c1CCCC2
Cn1c(Cl)cnc1C1CC1,Cn1c(Cl)cnc1C1CC1
Clc1cnc(C2CCC2)[nH]1,Clc1cnc(C2CCC2)[nH]1
Clc1ncc(C2CC2)[nH]1,Clc1ncc(C2CC2)[nH]1
Cn1c(C2CC2)cnc1Cl,Cn1c(C2CC2)cnc1Cl
Clc1ncc(C2CCC2)[nH]1,Clc1ncc(C2CCC2)[nH]1
CCc1nc(Br)c(Cl)[nH]1,CCc1nc(Br)c(Cl)[nH]1
NCNc1ccccc1Cl,NCNc1ccccc1Cl
NCNc1cccc(Cl)c1,NCNc1cccc(Cl)c1
NCNc1ccc(Cl)cc1,NCNc1ccc(Cl)cc1
ClCNCc1ccccn1,ClCNCc1ccccn1
ClCNCc1cccnc1,ClCNCc1cccnc1
ClCNCc1ccncc1,ClCNCc1ccncc1
CNc1cc(Cl)ncc1C,CNc1cc(Cl)ncc1C
ClC1=CN=C=N1,ClC1=CN=C=N1
CC1(Cl)C=CNN=C1Cl,CC1(Cl)C=CNN=C1Cl
Cc1ncc(CCCl)cn1,Cc1ncc(CCCl)cn1
C/C(=C/C(=N)Cl)C(=N)Cl,C/C(=C/C(=N)Cl)C(=N)Cl
Cc1c(Cl)cnnc1N,Cc1c(Cl)cnnc1N
C=C(CCl)c1cnn(C)c1,C=C(CCl)c1cnn(C)c1
NC1=CC(Cl)(Br)NC=C1,NC1=CC(Cl)(Br)NC=C1
CCc1ncnc(C)c1Cl,CCc1ncnc(C)c1Cl
CC1=C(Cl)NNC(Cl)=C1,CC1=C(Cl)NNC(Cl)=C1
Clc1cc2n(n1)CCCC2,Clc1cc2n(n1)CCCC2
CN(Cl)c1ccccc1N,CN(Cl)c1ccccc1N
Clc1cc2n(n1)CCC2,Clc1cc2n(n1)CCC2
N#CC1CCC(N)C=C1Cl,N#CC1CCC(N)C=C1Cl
N#CC1CC[C@H](N)C=C1Cl,N#CC1CC[C@H](N)C=C1Cl
Cn1cc(Br)nc1CCl,Cn1cc(Br)nc1CCl
Clc1cn(CC2CC2)cn1,Clc1cn(CC2CC2)cn1
CCc1cnc(CCl)cn1,CCc1cnc(CCl)cn1
NCc1cc(Cl)ncn1,NCc1cc(Cl)ncn1
Cc1cnnc(Cl)c1.Cl,Cc1cnnc(Cl)c1.Cl
ClCc1n[nH]c2c1CCC2,ClCc1n[nH]c2c1CCC2
ClC[n+]1ccncc1.[Cl-],ClC[n+]1ccncc1.[Cl-]
N#CC1=C2NC2C1,N#CC1=C2NC2C1
CCc1ccc(Cl)nc1N,CCc1ccc(Cl)nc1N
Cc1c(Cl)ccnc1N,Cc1c(Cl)ccnc1N
N#CC[n+]1ccsc1.[Cl-],N#CC[n+]1ccsc1.[Cl-]
Cc1cc(Cl)nc(C)c1N,Cc1cc(Cl)nc(C)c1N
Cl.c1cnc2c(c1)NCC2,Cl.c1cnc2c(c1)NCC2
Cl.c1cc2c(cn1)NCC2,Cl.c1cc2c(cn1)NCC2
Clc1cnc2n1CCC2,Clc1cnc2n1CCC2
Cl.Nc1ccncc1Br,Cl.Nc1ccncc1Br
C[C@H](N)c1ccc(Cl)nc1,C[C@H](N)c1ccc(Cl)nc1
CNCc1cccc(Cl)n1,CNCc1cccc(Cl)n1
CNCc1cncc(Cl)c1,CNCc1cncc(Cl)c1
CC(N)c1cnccc1Cl,CC(N)c1cnccc1Cl
NCCc1cnccc1Cl,NCCc1cnccc1Cl
Cc1cc(CN)cc(Cl)n1,Cc1cc(CN)cc(Cl)n1
Cc1cc(CN)c(Cl)cn1,Cc1cc(CN)c(Cl)cn1
Cc1ccc(Cl)c(CN)n1,Cc1ccc(Cl)c(CN)n1
Cc1cc(Cl)c(CN)cn1,Cc1cc(Cl)c(CN)cn1
Cc1cnc(CN)cc1Cl,Cc1cnc(CN)cc1Cl
Cc1cnc(N)c(CCl)c1,Cc1cnc(N)c(CCl)c1
Cc1cc(CCl)cc(N)n1,Cc1cc(CCl)cc(N)n1
Cc1nnc(Cl)c(C)n1,Cc1nnc(Cl)c(C)n1
Cc1c(CN)ccnc1Cl,Cc1c(CN)ccnc1Cl
ClCc1cnn2c1CCC2,ClCc1cnn2c1CCC2
Cc1ccnc(Cl)c1CN,Cc1ccnc(Cl)c1CN
Cc1ncc(CN)cc1Cl,Cc1ncc(CN)cc1Cl
Cc1nc(CN)ccc1Cl,Cc1nc(CN)ccc1Cl
Cc1ccc(CN)nc1Cl,Cc1ccc(CN)nc1Cl
Cc1cc(Cl)nc(CN)c1,Cc1cc(Cl)nc(CN)c1
Cc1ccc(Cl)nc1CN,Cc1ccc(Cl)nc1CN
Cc1nccc(CN)c1Cl,Cc1nccc(CN)c1Cl
Cc1cnc(Cl)cc1CN,Cc1cnc(Cl)cc1CN
Cc1cc(N)ncc1CCl,Cc1cc(N)ncc1CCl
Cc1cncc(Cl)c1CN,Cc1cncc(Cl)c1CN
Cc1cncc(CN)c1Cl,Cc1cncc(CN)c1Cl
Cc1c(Cl)cncc1CN,Cc1c(Cl)cncc1CN
Cc1ccnc(CN)c1Cl,Cc1ccnc(CN)c1Cl
Cc1nccc(Cl)c1CN,Cc1nccc(Cl)c1CN
ClCc1ccnn1C1CC1,ClCc1ccnn1C1CC1
Nc1ncncc1CCl,Nc1ncncc1CCl
C=C1C=NC=NC1,C=C1C=NC=NC1
C=C1C=CNN=C1,C=C1C=CNN=C1
C=NC=C(C)C#N,C=NC=C(C)C#N
ClCC=CCn1cccn1,ClCC=CCn1cccn1
C=Cc1cc(Cl)n(CC)n1,C=Cc1cc(Cl)n(CC)n1
CC1=CC(Cl)N=NC1Cl,CC1=CC(Cl)N=NC1Cl
Cl.ClCc1ccncn1,Cl.ClCc1ccncn1
Cc1cc(N)nc(Cl)c1C,Cc1cc(N)nc(Cl)c1C
Cc1cc(Cl)nc(=S)[nH]1,Cc1cc(Cl)nc(=S)[nH]1
N#CC=CC=CN,N#CC=CC=CN
C=C1C=NC(=S)N=C1.Cl,C=C1C=NC(=S)N=C1.Cl
Cn1cnc(C=CCCl)c1,Cn1cnc(C=CCCl)c1
[C-]#[N+]C(C#N)=CC,[C-]#[N+]C(C#N)=CC
Cc1cn[nH]c1C.Cl,Cc1cn[nH]c1C.Cl
CCc1cc(N)cc(Cl)n1,CCc1cc(N)cc(Cl)n1
CCc1ncc(C)c(Cl)n1,CCc1ncc(C)c(Cl)n1
Cc1cnc(CCCl)cn1,Cc1cnc(CCCl)cn1
C=CCn1cnc(Cl)n1,C=CCn1cnc(Cl)n1
C=CCn1ncnc1Cl,C=CCn1ncnc1Cl
Nc1cccc(CCl)n1,Nc1cccc(CCl)n1
ClC=CCn1cccn1,ClC=CCn1cccn1
CN(C)C=C(Cl)C=N,CN(C)C=C(Cl)C=N
CC(N)c1cncc(Cl)c1,CC(N)c1cncc(Cl)c1
Clc1cnn(CCBr)c1,Clc1cnn(CCBr)c1
CSc1ncc(Cl)cn1,CSc1ncc(Cl)cn1
Cn1c(Cl)cnc1CCl,Cn1c(Cl)cnc1CCl
N#C/C=C/N1CC1,N#C/C=C/N1CC1
C=C(/C=C(\N)C#N)CCl,C=C(/C=C(\N)C#N)CCl
N#C/C=C/CC#N,N#C/C=C/CC#N
Cc1cc(N)c(Cl)nn1,Cc1cc(N)c(Cl)nn1
C=Cn1cccn1,C=Cn1cccn1
Cc1nc(Cl)ccc1N,Cc1nc(Cl)ccc1N
Cc1nc(Cl)c(Cl)n1C,Cc1nc(Cl)c(Cl)n1C
NCc1ccc(Cl)nc1,NCc1ccc(Cl)nc1
Cc1ncc(N)c(C)c1Cl,Cc1ncc(N)c(C)c1Cl
Cc1c(N)cncc1Cl,Cc1c(N)cncc1Cl
Cc1cncc(Cl)n1,Cc1cncc(Cl)n1
NNCc1cccc(Cl)c1,NNCc1cccc(Cl)c1
SCc1ccc(Cl)nn1,SCc1ccc(Cl)nn1
Cc1ncc(Br)cn1.Cl,Cc1ncc(Br)cn1.Cl
NC1=CNC(Cl)C=C1Cl,NC1=CNC(Cl)C=C1Cl
C=CC(Cl)n1cccn1,C=CC(Cl)n1cccn1
CNc1ccnc(C)c1Cl,CNc1ccnc(C)c1Cl
C#CCn1cc[n+](C)c1.[Cl-],C#CCn1cc[n+](C)c1.[Cl-]
C=CC(Cl)c1ncc[nH]1,C=CC(Cl)c1ncc[nH]1
C#CCc1[nH]cc[n+]1C.[Cl-],C#CCc1[nH]cc[n+]1C.[Cl-]
Cl.Nc1cc(F)ccn1,Cl.Nc1cc(F)ccn1
Nc1cnc(CCl)nc1,Nc1cnc(CCl)nc1
BrCc1cccnn1.Cl,BrCc1cccnn1.Cl
CCc1cnc(N)cc1Cl,CCc1cnc(N)cc1Cl
Cc1cnc(Cl)nc1.Cl,Cc1cnc(Cl)nc1.Cl
Cc1cnncc1CCl,Cc1cnncc1CCl
Cc1cnnc(CCl)c1,Cc1cnnc(CCl)c1
Cc1nnccc1CCl,Cc1nnccc1CCl
Cc1ccnnc1CCl,Cc1ccnnc1CCl
Cl.Nc1cnccc1F,Cl.Nc1cnccc1F
Clc1cn[nH]c1C1CCC1,Clc1cn[nH]c1C1CCC1
C=CCn1cncc1Cl,C=CCn1cncc1Cl
N#CC1C=CC=N1,N#CC1C=CC=N1
Cc1ccc(CCl)nc1N,Cc1ccc(CCl)nc1N
N#CC1=CC=NC1,N#CC1=CC=NC1
N#CC1=NCC=C1,N#CC1=NCC=C1
N#CC1=CCC=N1,N#CC1=CCC=N1
CNc1cc(C)nc(Cl)c1,CNc1cc(C)nc(Cl)c1
N/N=C/c1ccc(Cl)s1,N/N=C/c1ccc(Cl)s1
C=Nc1ccc[nH]1,C=Nc1ccc[nH]1
C=Nc1cc[nH]c1,C=Nc1cc[nH]c1
[C-]#[N+]c1cc[nH]c1,[C-]#[N+]c1cc[nH]c1
CCC(Cl)NCC#N,CCC(Cl)NCC#N
CC(C)N(Cl)CC#N,CC(C)N(Cl)CC#N
CC(C#N)CC(Cl)C#N,CC(C#N)CC(Cl)C#N
Clc1nsc(C2CC2)n1,Clc1nsc(C2CC2)n1
Cc1ccnc(C(C)Cl)n1,Cc1ccnc(C(C)Cl)n1
Cc1cnc(C(C)Cl)nc1,Cc1cnc(C(C)Cl)nc1
CC(Cl)c1ncccn1,CC(Cl)c1ncccn1
Cn1c(Cl)cnc1CBr,Cn1c(Cl)cnc1CBr
NCc1cc(N)ccc1Cl,NCc1cc(N)ccc1Cl
Cc1ccc(N)c(Cl)n1,Cc1ccc(N)c(Cl)n1
Cc1cnc(Cl)c(N)c1,Cc1cnc(Cl)c(N)c1
Cc1cc(Cl)ncc1N,Cc1cc(Cl)ncc1N
Cc1ccc(NN)c(Cl)c1,Cc1ccc(NN)c(Cl)c1
CCCc1cnc(Cl)nc1,CCCc1cnc(Cl)nc1
Cc1ccnc(Cl)c1N,Cc1ccnc(Cl)c1N
Cl.N#C[C@H]1CCCN1,Cl.N#C[C@H]1CCCN1
Cl.Nc1cccnc1Cl,Cl.Nc1cccnc1Cl
Cl.Nc1cccnc1Br,Cl.Nc1cccnc1Br
NCc1ccnc(Cl)c1,NCc1ccnc(Cl)c1
CNCc1ccnc(Cl)c1,CNCc1ccnc(Cl)c1
Cc1cccc(Cl)c1NN,Cc1cccc(Cl)c1NN
Cc1cc(N)c(N)cc1Cl,Cc1cc(N)c(N)cc1Cl
NNCc1ccc(Cl)cc1,NNCc1ccc(Cl)cc1
Cc1cc(Cl)nc(C)n1,Cc1cc(Cl)nc(C)n1
Nc1cccc(Cl)c1N,Nc1cccc(Cl)c1N
CCc1cnc(Cl)nc1,CCc1cnc(Cl)nc1
CNc1ccc(Cl)cn1,CNc1ccc(Cl)cn1
[C-]#[N+]CCC[N+]#[C-],[C-]#[N+]CCC[N+]#[C-]
Cc1cnc(Cl)nc1N,Cc1cnc(Cl)nc1N
Nc1ccncc1,Nc1ccncc1
Nc1ccc(Cl)cc1N,Nc1ccc(Cl)cc1N
Cc1cnccn1,Cc1cnccn1
Clc1ccccn1,Clc1ccccn1
Nc1cccnc1,Nc1cccnc1
Nc1ccccn1,Nc1ccccn1
N#CCCCC#N,N#CCCCC#N
Nc1ccc(N)c(Cl)c1,Nc1ccc(N)c(Cl)c1
Clc1cccnc1,Clc1cccnc1
Clc1ccncc1,Clc1ccncc1
Cc1ccncn1,Cc1ccncn1
CCC(C#N)C#N,CCC(C#N)C#N
Cc1cc(C)nc(Cl)n1,Cc1cc(C)nc(Cl)n1
Nc1ccc(Cl)c(N)c1,Nc1ccc(Cl)c(N)c1
Cc1cc(Cl)nc(N)n1,Cc1cc(Cl)nc(N)n1
CC(C)(C#N)C#N,CC(C)(C#N)C#N
CC(Cl)c1ncncn1,CC(Cl)c1ncncn1
Cc1nc(C)nc(Cl)n1,Cc1nc(C)nc(Cl)n1
C=Cn1ccnc1,C=Cn1ccnc1
Nc1ccc(Cl)cn1,Nc1ccc(Cl)cn1
Cc1nccnc1Cl,Cc1nccnc1Cl
Cc1cnc(C)c(Cl)n1,Cc1cnc(C)c(Cl)n1
NNc1ccc(Cl)cc1,NNc1ccc(Cl)cc1
Clc1cnccn1,Clc1cnccn1
Nc1cc(N)cc(Cl)c1,Nc1cc(N)cc(Cl)c1
Cc1cccnn1,Cc1cccnn1
Clc1ncccn1,Clc1ncccn1
Cc1cncnc1,Cc1cncnc1
NNc1cccc(Cl)c1,NNc1cccc(Cl)c1
Cc1ncccn1,Cc1ncccn1
Cc1cc(N)c(Cl)cc1N,Cc1cc(N)c(Cl)cc1N
Nc1ccc(Cl)nc1,Nc1ccc(Cl)nc1
Cl.N=C(N)c1ccccc1,Cl.N=C(N)c1ccccc1
Nc1cccnc1Cl,Nc1cccnc1Cl
Nc1ccnc(Cl)c1,Nc1ccnc(Cl)c1
Cc1c(N)ccc(Cl)c1N,Cc1c(N)ccc(Cl)c1N
Cc1cc(Cl)c(N)cc1N,Cc1cc(Cl)c(N)cc1N
CC(C)c1nccnc1Cl,CC(C)c1nccnc1Cl
Cc1ccc(N)c(Cl)c1N,Cc1ccc(N)c(Cl)c1N
CSc1nccc(Cl)n1,CSc1nccc(Cl)n1
CCc1nccnc1Cl,CCc1nccnc1Cl
Cc1ccnnc1,Cc1ccnnc1
[N-]=[N+]=C1C=CC=C1,[N-]=[N+]=C1C=CC=C1
N#Cc1ccc[nH]1,N#Cc1ccc[nH]1
C1=CC=NNC=C1,C1=CC=NNC=C1
ClCc1cnccn1,ClCc1cnccn1
Nc1cccc(Cl)n1,Nc1cccc(Cl)n1
CC1=CC=NC(Cl)(Cl)N1,CC1=CC=NC(Cl)(Cl)N1
Cc1ccc(Cl)nn1,Cc1ccc(Cl)nn1
Nc1cc(Cl)cc(N)n1,Nc1cc(Cl)cc(N)n1
CSc1ccc(Cl)nn1,CSc1ccc(Cl)nn1
C=Cc1cnc[nH]1,C=Cc1cnc[nH]1
Nc1ccnc(Cl)c1N,Nc1ccnc(Cl)c1N
Cc1nc(N)cc(Cl)n1,Cc1nc(N)cc(Cl)n1
Cc1ccc(NN)cc1Cl,Cc1ccc(NN)cc1Cl
Cc1ncc(Cl)cn1,Cc1ncc(Cl)cn1
CNc1cc(Cl)ncn1,CNc1cc(Cl)ncn1
CCc1nc(Cl)c(Cl)[nH]1,CCc1nc(Cl)c(Cl)[nH]1
Cc1cc(N)nc(Cl)n1,Cc1cc(N)nc(Cl)n1
CC(C)(C)N(Cl)C#N,CC(C)(C)N(Cl)C#N
Cc1nc(Cl)ncc1N,Cc1nc(Cl)ncc1N
Cc1cc(N)ncc1Cl,Cc1cc(N)ncc1Cl
NNc1cccc(Cl)n1,NNc1cccc(Cl)n1
Cc1cc(Cl)cnc1N,Cc1cc(Cl)cnc1N
Cc1ccc(Cl)cc1NN,Cc1ccc(Cl)cc1NN
NNCc1ccccc1Cl,NNCc1ccccc1Cl
NNc1ccccc1Cl,NNc1ccccc1Cl
Cc1nccc(Cl)n1,Cc1nccc(Cl)n1
ClCC1=NCCCN1,ClCC1=NCCCN1
NC(CCl)=NC1CC1,NC(CCl)=NC1CC1
Clc1cn2c(n1)SCC2,Clc1cn2c(n1)SCC2
N#CC=CCC#N,N#CC=CCC#N
N#CC=CN1CC1,N#CC=CN1CC1
ClN1C2CCN1CC2,ClN1C2CCN1CC2
C=CC=NCC#N,C=CC=NCC#N
NNc1ncccc1Cl,NNc1ncccc1Cl
CC=C(C#N)C#N,CC=C(C#N)C#N
N#Cc1cc[nH]c1,N#Cc1cc[nH]c1
C=Cc1ncc[nH]1,C=Cc1ncc[nH]1
[NH-][n+]1ccccc1,[NH-][n+]1ccccc1
C=Cc1ccn[nH]1,C=Cc1ccn[nH]1
Cc1cnc(Cl)nc1,Cc1cnc(Cl)nc1
Cc1cc(Cl)ncn1,Cc1cc(Cl)ncn1
Nc1ccncc1Cl,Nc1ccncc1Cl
Nc1cc(Cl)ccn1,Nc1cc(Cl)ccn1
Nc1cnccc1Cl,Nc1cnccc1Cl
Cc1cc(Cl)ccc1NN,Cc1cc(Cl)ccc1NN
CNc1ccc(Cl)nn1,CNc1ccc(Cl)nn1
Cc1cnc(N)nc1Cl,Cc1cnc(N)nc1Cl
CCc1cc(C)nc(Cl)n1,CCc1cc(C)nc(Cl)n1
CNc1ccc(Cl)cc1N,CNc1ccc(Cl)cc1N
Clc1ccncn1,Clc1ccncn1
CCc1nc(C)cnc1Cl,CCc1nc(C)cnc1Cl
Nc1ncccc1Cl,Nc1ncccc1Cl
Cc1c(Cl)cccc1NN,Cc1c(Cl)cccc1NN
Nc1cnc(Cl)cc1N,Nc1cnc(Cl)cc1N
ClCSc1ncccn1,ClCSc1ncccn1
Nc1cncc(Cl)c1,Nc1cncc(Cl)c1
Clc1cn2c(n1)CCC2,Clc1cn2c(n1)CCC2
Nc1cc(Cl)cnc1N,Nc1cc(Cl)cnc1N
Cc1cc(Cl)cc(N)c1N,Cc1cc(Cl)cc(N)c1N
NCc1nccnc1Cl,NCc1nccnc1Cl
NCc1cc(Cl)ccc1N,NCc1cc(Cl)ccc1N
CNCc1ccncc1Cl,CNCc1ccncc1Cl
CN(C)c1ccc(Cl)cn1,CN(C)c1ccc(Cl)cn1
Clc1cc(C2CC2)[nH]n1,Clc1cc(C2CC2)[nH]n1
ClCCNc1ccncc1,ClCCNc1ccncc1
CNc1c(C)ccnc1Cl,CNc1c(C)ccnc1Cl
Clc1nsnc1C1CC1,Clc1nsnc1C1CC1
Cc1nnc(Cl)c(C)c1C,Cc1nnc(Cl)c(C)c1C
ClCc1cc(C2CC2)n[nH]1,ClCc1cc(C2CC2)n[nH]1
CC(CCl)c1cnccn1,CC(CCl)c1cnccn1
Cn1nc(C2CC2)cc1Cl,Cn1nc(C2CC2)cc1Cl
ClCc1cn[nH]c1C1CC1,ClCc1cn[nH]c1C1CC1
ClC1CCc2[nH]ncc21,ClC1CCc2[nH]ncc21
Cc1[nH]nc2c1C(Cl)CC2,Cc1[nH]nc2c1C(Cl)CC2
Cn1ncc(Br)c1CCl,Cn1ncc(Br)c1CCl
C1=Cn2cccc2CN1.Cl,C1=Cn2cccc2CN1.Cl
Cl.N#CC1(CN)CC1,Cl.N#CC1(CN)CC1
Clc1cncc(Br)c1.N,Clc1cncc(Br)c1.N
Cn1ccc[n+]1C.[Cl-],Cn1ccc[n+]1C.[Cl-]
C=CCC1(Cl)N=CC=CN1,C=CCC1(Cl)N=CC=CN1
CN1C=C(CCl)NC1,CN1C=C(CCl)NC1
CC1=NC=C[NH+]1C.[Cl-],CC1=NC=C[NH+]1C.[Cl-]
CCn1cnc(Cl)c1Cl,CCn1cnc(Cl)c1Cl
N=C(N)c1ccccc1.[Cl-].[H+],N=C(N)c1ccccc1.[Cl-].[H+]
Clc1ccc2n1CCNC2,Clc1ccc2n1CCNC2
CC(N)c1cccnc1Cl,CC(N)c1cccnc1Cl
[CH]c1cn([CH])cn1,[CH]c1cn([CH])cn1
[CH]c1ccn([CH])n1,[CH]c1ccn([CH])n1
CCc1nnc(Cl)cc1C,CCc1nnc(Cl)cc1C
[C-]#[N+]/C(C)=C/C#N,[C-]#[N+]/C(C)=C/C#N
CC1C=C(Cl)NC(Cl)=N1,CC1C=C(Cl)NC(Cl)=N1
[C-]#[N+]C(C)CC#N,[C-]#[N+]C(C)CC#N
N=[NH+]c1ccccc1.[Cl-],N=[NH+]c1ccccc1.[Cl-]
CCc1nc(Cl)cnc1C,CCc1nc(Cl)cnc1C
C=Cc1c(C)nn(C)c1Cl,C=Cc1c(C)nn(C)c1Cl
Cc1cncc(N)c1Cl,Cc1cncc(N)c1Cl
CC(C)c1nnccc1Cl,CC(C)c1nnccc1Cl
[C-]#[N+]C(=CC)[N+]#[C-],[C-]#[N+]C(=CC)[N+]#[C-]
[C-]#[N+]C(C)(C)C#N,[C-]#[N+]C(C)(C)C#N
[C-]#[N+]C1CN([CH])C1,[C-]#[N+]C1CN([CH])C1
Cc1cc(Cl)c(N)nc1C,Cc1cc(Cl)c(N)nc1C
Cc1ccnc(SCl)n1,Cc1ccnc(SCl)n1
CNc1cc(N)ccc1Cl,CNc1cc(N)ccc1Cl
CCc1ccc(N)nc1Cl,CCc1ccc(N)nc1Cl
C=C1C=CC(Cl)=NN1C,C=C1C=CC(Cl)=NN1C
[CH]c1c(Cl)c(CC)nn1C,[CH]c1c(Cl)c(CC)nn1C
[CH]n1cc(Cl)cn1,[CH]n1cc(Cl)cn1
[CH]c1nc[nH]c1[CH],[CH]c1nc[nH]c1[CH]
[CH]c1cn[nH]c1[CH],[CH]c1cn[nH]c1[CH]
N#CC12C=CC1N2,N#CC12C=CC1N2
[CH]c1nccn1C,[CH]c1nccn1C
CCc1cnc(Cl)nn1,CCc1cnc(Cl)nn1
CNc1ncc(Cl)cc1C,CNc1ncc(Cl)cc1C
CC1=NC(Cl)C(F)=CN1,CC1=NC(Cl)C(F)=CN1
[CH]n1cnc(Cl)c1,[CH]n1cnc(Cl)c1
Cc1nc(Cl)ccc1CN,Cc1nc(Cl)ccc1CN
Cn1c(CBr)cnc1Cl,Cn1c(CBr)cnc1Cl
Cn1cnc(Cl)c1CBr,Cn1cnc(Cl)c1CBr
Cn1cnc(CCl)c1Cl,Cn1cnc(CCl)c1Cl
Cn1cc(Cl)c(CBr)n1,Cn1cc(Cl)c(CBr)n1
CNc1cc(C)cc(Cl)n1,CNc1cc(C)cc(Cl)n1
CN(C)c1ncccc1Cl,CN(C)c1ncccc1Cl
[CH]n1ccnc1C,[CH]n1ccnc1C
Cc1cnnc(Cl)c1C,Cc1cnnc(Cl)c1C
[C-]#[N+]C#CCCN,[C-]#[N+]C#CCCN
CNc1nc(Cl)ccc1C,CNc1nc(Cl)ccc1C
N#CC1=C(N)CC1,N#CC1=C(N)CC1
[CH+]=C1C=NC=C[N-]1,[CH+]=C1C=NC=C[N-]1
CC=N/C=C\C#N,CC=N/C=C\C#N
Cc1cc2n(n1)C2,Cc1cc2n(n1)C2
Cc1cc(Cl)c(C)nc1N,Cc1cc(Cl)c(C)nc1N
C=N/C=C(\C)C#N,C=N/C=C(\C)C#N
[C-]#[N+]/C(C#N)=C\C,[C-]#[N+]/C(C#N)=C\C
[C-]#[N+]CCCC#N,[C-]#[N+]CCCC#N
[CH+]=C1C=CC=N[N-]1,[CH+]=C1C=CC=N[N-]1
[CH+]=C1N=CC=C[N-]1,[CH+]=C1N=CC=C[N-]1
C=Cc1nn(C)cc1Cl,C=Cc1nn(C)cc1Cl
[CH]C1=NCCN1[CH],[CH]C1=NCCN1[CH]
NC1NC=C(Cl)C=C1Br,NC1NC=C(Cl)C=C1Br
Cn1[c-][n+](C)c(Cl)c1Cl,Cn1[c-][n+](C)c(Cl)c1Cl
Cc1ccnc(N)c1Cl,Cc1ccnc(N)c1Cl
ClCc1nccn1C1CC1,ClCc1nccn1C1CC1
N#CC(Cl)C#N,N#CC(Cl)C#N
Cc1c(N)cnc(Cl)c1C,Cc1c(N)cnc(Cl)c1C
CNc1cccc(Cl)n1,CNc1cccc(Cl)n1
NCc1cccc(Cl)n1,NCc1cccc(Cl)n1
Cc1cc(C)c(N)c(Cl)n1,Cc1cc(C)c(N)c(Cl)n1
Nc1ccc(Cl)nc1N,Nc1ccc(Cl)nc1N
Nc1ccc(Cl)[nH]c1=S,Nc1ccc(Cl)[nH]c1=S
NNc1ccc(Cl)nc1,NNc1ccc(Cl)nc1
NN=C1C=CC=C1,NN=C1C=CC=C1
NCc1cccnc1Cl,NCc1cccnc1Cl
NC(=[NH2+])c1ccccc1.[Cl-],NC(=[NH2+])c1ccccc1.[Cl-]
Cc1c(Cl)nn(C)c1Cl,Cc1c(Cl)nn(C)c1Cl
NNc1cnccc1Cl,NNc1cnccc1Cl
N#CC1(C#N)CC1,N#CC1(C#N)CC1
N#Cn1cccc1,N#Cn1cccc1
N#CCSCC(Cl)C#N,N#CCSCC(Cl)C#N
CN(C)c1ccnc(Cl)c1,CN(C)c1ccnc(Cl)c1
ClCc1cc(CCl)[nH]n1,ClCc1cc(CCl)[nH]n1
NCc1ncc(Cl)cn1,NCc1ncc(Cl)cn1
Cn1cc[n+](C)c1.[Cl-],Cn1cc[n+](C)c1.[Cl-]
Cc1[nH]cnc(=S)c1Cl,Cc1[nH]cnc(=S)c1Cl
CNCc1ccc(Cl)nc1,CNCc1ccc(Cl)nc1
CCn1ncc(Br)c1Cl,CCn1ncc(Br)c1Cl
CCc1cc(Cl)ncn1,CCc1cc(Cl)ncn1
CN(N)c1ccc(Cl)cc1,CN(N)c1ccc(Cl)cc1
N=C(N)c1ccc(Cl)s1,N=C(N)c1ccc(Cl)s1
Clc1cccnn1,Clc1cccnn1
Cl.N#CC1(N)CCC1,Cl.N#CC1(N)CCC1
ClCCn1cc(Cl)cn1,ClCCn1cc(Cl)cn1
N=C/C(=C\N)CCCl,N=C/C(=C\N)CCCl
NC1C=C(Br)C=NC1Cl,NC1C=C(Br)C=NC1Cl
Cc1cnc2nc1-2,Cc1cnc2nc1-2
C=C1CC=C(Cl)N=N1,C=C1CC=C(Cl)N=N1
CCc1ccn[nH]1.Cl,CCc1ccn[nH]1.Cl
C=NC(Cl)=NCCC#N,C=NC(Cl)=NCCC#N
C=NC(Cl)=N/C=C(\C)Br,C=NC(Cl)=N/C=C(\C)Br
C#CN1C[C@@H]1N=C,C#CN1C[C@@H]1N=C
C1=CC12C=NC=N2,C1=CC12C=NC=N2
CC1=CC(Cl)=NC(Cl)N1,CC1=CC(Cl)=NC(Cl)N1
NC1C=C(Cl)C=NC1Br,NC1C=C(Cl)C=NC1Br
C=NCc1csc(Cl)n1,C=NCc1csc(Cl)n1
C1=NC=C1C1CN1,C1=NC=C1C1CN1
C#CC(C#N)NC,C#CC(C#N)NC
ClC1NNC2CC=CC=C12,ClC1NNC2CC=CC=C12
CC1C#CN=CN1,CC1C#CN=CN1
ClC=C1N=CC=N1,ClC=C1N=CC=N1
N=C1C=C=CC1=N,N=C1C=C=CC1=N
NC1=CC=NC(Cl)=NC1,NC1=CC=NC(Cl)=NC1
C[n+]1ncccc1Cl.[Cl-],C[n+]1ncccc1Cl.[Cl-]
CN1CC(Br)=CN=C1Cl,CN1CC(Br)=CN=C1Cl
C#CC(C)=NC=N,C#CC(C)=NC=N
C/C=C(/C#N)C=NCCl,C/C=C(/C#N)C=NCCl
NC1=C(Cl)CCN=C1Cl,NC1=C(Cl)CCN=C1Cl
CC=NC(C#N)=NCCl,CC=NC(C#N)=NCCl
C=[N+]1C=CC=C[N-]1,C=[N+]1C=CC=C[N-]1
CN=C(C)C(Cl)=NC,CN=C(C)C(Cl)=NC
CC1=CC(Cl)=NC=NC1,CC1=CC(Cl)=NC=NC1
Cn1nc(Br)cc1CCl,Cn1nc(Br)cc1CCl
Clc1ccn(CCBr)n1,Clc1ccn(CCBr)n1
C#CN/C=C(/C)C(=N)Cl,C#CN/C=C(/C)C(=N)Cl
C=C(C)c1cn[nH]c1Cl,C=C(C)c1cn[nH]c1Cl
C=NC(C)CC(=N)Cl,C=NC(C)CC(=N)Cl
Cn1ncc(CCl)c1F,Cn1ncc(CCl)c1F
Cn1nc(CCl)cc1F,Cn1nc(CCl)cc1F
CC(C)=C1N=C=N1,CC(C)=C1N=C=N1
Nc1c[nH+]ccc1F.[Cl-],Nc1c[nH+]ccc1F.[Cl-]
CCn1ncc(Cl)c1Br,CCn1ncc(Cl)c1Br
N#C/C=C1/CCN1,N#C/C=C1/CCN1
CCN=CN=C(C)Cl,CCN=CN=C(C)Cl
CNc1cc(Cl)cnn1,CNc1cc(Cl)cnn1
Cn1cnc(Cl)cc1=N,Cn1cnc(Cl)cc1=N
Cn1cc(Cl)cnc1=N,Cn1cc(Cl)cnc1=N
C#CC(C)NC#N,C#CC(C)NC#N
C=CCc1c(Cl)cnn1C,C=CCc1c(Cl)cnn1C
C=Cc1c(Cl)cnn1C,C=Cc1c(Cl)cnn1C
Clc1cnnn1C1CC1,Clc1cnnn1C1CC1
C=C(C)c1c(Cl)cnn1C,C=C(C)c1c(Cl)cnn1C
C=Cc1c(Cl)cnn1CC,C=Cc1c(Cl)cnn1CC
ClCCNc1cccnc1,ClCCNc1cccnc1
ClCNc1ccccn1,ClCNc1ccccn1
ClCNc1ccncc1,ClCNc1ccncc1
CN(CCl)c1ccccn1,CN(CCl)c1ccccn1
CN(CCl)c1cccnc1,CN(CCl)c1cccnc1
CN(CCl)c1ccncc1,CN(CCl)c1ccncc1
Cc1nccc(CCCl)n1,Cc1nccc(CCCl)n1
CC#CCNC#N,CC#CCNC#N
Cc1nn2c(c1Cl)CCC2,Cc1nn2c(c1Cl)CCC2
N#C/C(N)=C/C=C(\N)Cl,N#C/C(N)=C/C=C(\N)Cl
CC1=C(Cl)C=CNC(N)=C1,CC1=C(Cl)C=CNC(N)=C1
CCN/C=C\C(=N)Cl,CCN/C=C\C(=N)Cl
CC(=N)c1csc(Cl)n1,CC(=N)c1csc(Cl)n1
C=CC1NC=NC1/C=C/Cl,C=CC1NC=NC1/C=C/Cl
Cl.N#CC1=CC=CNC1,Cl.N#CC1=CC=CNC1
C=NC(Cl)=NC(=C)C(=C)C,C=NC(Cl)=NC(=C)C(=C)C
Cc1nnc(Cl)cc1N,Cc1nnc(Cl)cc1N
Cc1nncc(Cl)c1N,Cc1nncc(Cl)c1N
C/C=c1/nc[nH]/c1=C/CCl,C/C=c1/nc[nH]/c1=C/CCl
C=C(N)C(=C)C#N,C=C(N)C(=C)C#N
CN=C/C(N)=C(\C)Cl,CN=C/C(N)=C(\C)Cl
C=C(N)c1[nH]ccc1Cl,C=C(N)c1[nH]ccc1Cl
C=CCC(=N)C#N,C=CCC(=N)C#N
Cc1cc(=S)nc(Cl)[nH]1,Cc1cc(=S)nc(Cl)[nH]1
C=C1N=NC=C1C,C=C1N=NC=C1C
C/C=C(/C#N)C(=N)Cl,C/C=C(/C#N)C(=N)Cl
Cc1[nH]c(=S)cnc1Cl,Cc1[nH]c(=S)cnc1Cl
Cc1nc(Cl)c[nH]c1=S,Cc1nc(Cl)c[nH]c1=S
Cc1ncc(=S)[nH]c1Cl,Cc1ncc(=S)[nH]c1Cl
CC(=N)/C(Cl)=C\C(=N)Cl,CC(=N)/C(Cl)=C\C(=N)Cl
C=CNC(=C)C#N,C=CNC(=C)C#N
ClC1N=CC(CBr)=CN1,ClC1N=CC(CBr)=CN1
C=C(Cl)n1cccn1,C=C(Cl)n1cccn1
C=C/C=C(/N)C#N,C=C/C=C(/N)C#N
C=CC(C)=NC#N,C=CC(C)=NC#N
C=C(Cl)/C=C(\C)NN,C=C(Cl)/C=C(\C)NN
CC(=C/N)/C=C(\N)Cl,CC(=C/N)/C=C(\N)Cl
N/C=C/c1ncsc1Cl,N/C=C/c1ncsc1Cl
CCl.Cc1cnc[nH]1,CCl.Cc1cnc[nH]1
CC1N=CC(C#N)CC1Cl,CC1N=CC(C#N)CC1Cl
C=C(C#N)N=CC,C=C(C#N)N=CC
Cc1c[nH]c2c1N2,Cc1c[nH]c2c1N2
Cc1c(Cl)[nH]cnc1=S,Cc1c(Cl)[nH]cnc1=S
Cn1ncc(CBr)c1Cl,Cn1ncc(CBr)c1Cl
C=Cc1cnn(C)c1Cl,C=Cc1cnn(C)c1Cl
[C-]#[N+]C(C)(C)[N+]#[C-],[C-]#[N+]C(C)(C)[N+]#[C-]
SC(Cl)c1ccncn1,SC(Cl)c1ccncn1
Cc1nnccc1Cl.Cl,Cc1nnccc1Cl.Cl
C=C(Cl)/N=C\N(C)C,C=C(Cl)/N=C\N(C)C
CNc1ncncc1Cl,CNc1ncncc1Cl
CCc1cnnc(Cl)n1,CCc1cnnc(Cl)n1
CCn1ncc(Cl)c1F,CCn1ncc(Cl)c1F
C=C.N#CCC#N,C=C.N#CCC#N
C/C=C(Cl)\C(N)=C/N,C/C=C(Cl)\C(N)=C/N
ClCCl.c1cnccn1,ClCCl.c1cnccn1
Cl.c1nc2cscc2[nH]1,Cl.c1nc2cscc2[nH]1
C=C(C#N)C=CCl,C=C(C#N)C=CCl
N#CC[n+]1cc[nH]c1.[Cl-],N#CC[n+]1cc[nH]c1.[Cl-]
C=Cc1cc[nH+]cn1.[Cl-],C=Cc1cc[nH+]cn1.[Cl-]
[Cl-].[NH2+]=Cc1cccnn1,[Cl-].[NH2+]=Cc1cccnn1
C1=Nc2scc[n+]2C1.[Cl-],C1=Nc2scc[n+]2C1.[Cl-]
C=C1C(Cl)=CC(C)=CN1N,C=C1C(Cl)=CC(C)=CN1N
C1=CC=CN=NC=C1.Cl,C1=CC=CN=NC=C1.Cl
ClCCc1nccnn1,ClCCc1nccnn1
CC(Cl)C#N.N#CCCl,CC(Cl)C#N.N#CCCl
C.Cn1cc(Cl)cn1,C.Cn1cc(Cl)cn1
CC1=CC(Cl)=NCN1Cl,CC1=CC(Cl)=NCN1Cl
C#CC1(CC)N=N1,C#CC1(CC)N=N1
C1=NCCn2cccc21.Cl,C1=NCCn2cccc21.Cl
ClCCl.c1ccnnc1,ClCCl.c1ccnnc1
ClNCl.c1ccncc1,ClNCl.c1ccncc1
Clc1ccccc1.N=CN,Clc1ccccc1.N=CN
[C-]#[N+]C1=NCC=C1,[C-]#[N+]C1=NCC=C1
ClCCl.c1cncnc1,ClCCl.c1cncnc1
C#C.c1cn[nH]c1,C#C.c1cn[nH]c1
[C-]#[N+]C1=CCN=C1,[C-]#[N+]C1=CCN=C1
ClCCc1cn(Cl)cn1,ClCCc1cn(Cl)cn1
Clc1cnn(C2CCC2)c1,Clc1cnn(C2CCC2)c1
C/C=C/c1cn(Cl)c(C)n1,C/C=C/c1cn(Cl)c(C)n1
C=Cn1ncc(C)c1Cl,C=Cn1ncc(C)c1Cl
CN(C)/C=C/C=C(/Cl)C#N,CN(C)/C=C/C=C(/Cl)C#N
CN(C)/C=C/C=C(\Cl)C#N,CN(C)/C=C/C=C(\Cl)C#N
CN(C)C=CC=C(Cl)C#N,CN(C)C=CC=C(Cl)C#N
C1=CC2(CC2)N=N1,C1=CC2(CC2)N=N1
CCn1nc(Cl)cc1Br,CCn1nc(Cl)cc1Br
CC(C)CC1(Cl)N=N1,CC(C)CC1(Cl)N=N1
CCCCC1(Cl)N=N1,CCCCC1(Cl)N=N1
[CH-]=[N+]=C/C=C/C#N,[CH-]=[N+]=C/C=C/C#N
N#CC1C=CN=C1,N#CC1C=CN=C1
N#CC(N)CCCCl,N#CC(N)CCCCl
[CH-]=[N+]=C/C=C\C#N,[CH-]=[N+]=C/C=C\C#N
[N-]=C1C=CC=[N+]=C1,[N-]=C1C=CC=[N+]=C1
[C-]#[N+]/C=C/C=C=N,[C-]#[N+]/C=C/C=C=N
CC1NC=NC1CCl,CC1NC=NC1CCl
N#C[C@@H]1C[C@@H]1C#N,N#C[C@@H]1C[C@@H]1C#N
ClC1(C2(C3CC3)CC2)N=N1,ClC1(C2(C3CC3)CC2)N=N1
ClC1(C2=CCCC2)N=N1,ClC1(C2=CCCC2)N=N1
N#C[C@@H]1C[C@H]1C#N,N#C[C@@H]1C[C@H]1C#N
N#CC#C/C=C/N,N#CC#C/C=C/N
N=CC1=C(N)C=C1,N=CC1=C(N)C=C1
N#CCCCCNCl,N#CCCCCNCl
C=Cc1cc(Cl)n(C)n1,C=Cc1cc(Cl)n(C)n1
[C-]#[N+]/C=C/N=C=C,[C-]#[N+]/C=C/N=C=C
[N-]=C1C=CN=C[CH+]1,[N-]=C1C=CN=C[CH+]1
C#CN=CC=[N+]=[CH-],C#CN=CC=[N+]=[CH-]
CCC(=C=N)C#N,CCC(=C=N)C#N
CN=c1cc(Cl)ccn1C,CN=c1cc(Cl)ccn1C
[CH]/C=C1/C=NC=N1,[CH]/C=C1/C=NC=N1
CCC(C#N)N(C)Cl,CCC(C#N)N(C)Cl
C1=CC2CC1N=N2,C1=CC2CC1N=N2
C/C(Cl)=N/N=C(/C)C#N,C/C(Cl)=N/N=C(/C)C#N
CCN(Cl)C(C)C#N,CCN(Cl)C(C)C#N
CN(C)C#CC#N,CN(C)C#CC#N
CCCCN(Cl)C#N,CCCCN(Cl)C#N
Cc1ccc(N=[NH2+])cc1.[Cl-],Cc1ccc(N=[NH2+])cc1.[Cl-]
CC1NC=C(Cl)CN1,CC1NC=C(Cl)CN1
CC1N=CC(Cl)CN1,CC1N=CC(Cl)CN1
C/C=c1/nc(C)[nH]/c1=C/Cl,C/C=c1/nc(C)[nH]/c1=C/Cl
Br.ClCc1cccnn1,Br.ClCc1cccnn1
CN(C)/C=C/C(=N)Cl,CN(C)/C=C/C(=N)Cl
Cl.N#CC1(C#N)CNC1,Cl.N#CC1(C#N)CNC1
CC1NCC1C#N.Cl,CC1NCC1C#N.Cl
N=Cc1ccc[nH]1,N=Cc1ccc[nH]1
[CH]c1cc(C)n[nH]1,[CH]c1cc(C)n[nH]1
N=C(N)c1cc(Cl)c[nH]1,N=C(N)c1cc(Cl)c[nH]1
C=CN/C(Cl)=C\C(=N)Cl,C=CN/C(Cl)=C\C(=N)Cl
C=C(Cl)N/C=C\C(=N)Cl,C=C(Cl)N/C=C\C(=N)Cl
N=C(Cl)c1cc[nH]c1N,N=C(Cl)c1cc[nH]c1N
C#CCn1ccnc1.Cl,C#CCn1ccnc1.Cl
Cl.N#Cc1cccn1N,Cl.N#Cc1cccn1N
C[C@H](N)c1ccnc(Cl)c1,C[C@H](N)c1ccnc(Cl)c1
N=C1CC=CC=N1,N=C1CC=CC=N1
Nc1ccc(CCl)nc1,Nc1ccc(CCl)nc1
CNc1nccnc1Cl,CNc1nccnc1Cl
Cc1cc(Cl)nnc1C,Cc1cc(Cl)nnc1C
ClCCn1cc(Br)cn1,ClCCn1cc(Br)cn1
Cl/C=C/Cn1cccn1,Cl/C=C/Cn1cccn1
Clc1cnn(C2CC2)c1,Clc1cnn(C2CC2)c1
Clc1n[nH]c(C2CC2)n1,Clc1n[nH]c(C2CC2)n1
NN(Cl)Cc1ccccc1,NN(Cl)Cc1ccccc1
NCc1ccncc1Cl,NCc1ccncc1Cl
Cl.Nc1cc(Cl)ccn1,Cl.Nc1cc(Cl)ccn1
CCc1cc(Cl)cnc1N,CCc1cc(Cl)cnc1N
Cc1cc(Cl)ncc1CN,Cc1cc(Cl)ncc1CN
Cc1cc(Cl)cnc1CN,Cc1cc(Cl)cnc1CN
Cc1cc(CN)cnc1Cl,Cc1cc(CN)cnc1Cl
Cc1ccc(Cl)c(NN)c1,Cc1ccc(Cl)c(NN)c1
Nc1cc(Cl)c(N)cn1,Nc1cc(Cl)c(N)cn1
Cc1cncnc1Cl.Cl,Cc1cncnc1Cl.Cl
NCCc1cccc(Cl)n1,NCCc1cccc(Cl)n1
CNc1ccnc(Cl)c1,CNc1ccnc(Cl)c1
NCCc1ccnc(Cl)c1,NCCc1ccnc(Cl)c1
Cc1nc(Cl)cnc1N,Cc1nc(Cl)cnc1N
Cc1ccccc1N(N)Cl,Cc1ccccc1N(N)Cl
NCCc1ncccc1Cl,NCCc1ncccc1Cl
Cl.Nc1cnccc1Cl,Cl.Nc1cnccc1Cl
ClNCc1ncccn1,ClNCc1ncccn1
C1=CN=CCC=N1,C1=CN=CCC=N1
C1=CN=CC=NC1,C1=CN=CC=NC1
C1=CN=NC=CC1,C1=CN=NC=CC1
Cl.Nc1cc(Br)ccn1,Cl.Nc1cc(Br)ccn1
CNc1ccncc1Cl,CNc1ccncc1Cl
Nc1cc(N)c(Cl)cn1,Nc1cc(N)c(Cl)cn1
Cc1ccn(C)n1.Cl,Cc1ccn(C)n1.Cl
C[C@@H](N)c1ccnc(Cl)c1,C[C@@H](N)c1ccnc(Cl)c1
C=C1[C-]=C([CH2+])N=N1,C=C1[C-]=C([CH2+])N=N1
C=C1C=C(C)N=N1,C=C1C=C(C)N=N1
C1N=C2CN=C1C2,C1N=C2CN=C1C2
C=Cc1nc(Cl)c(C)[nH]1,C=Cc1nc(Cl)c(C)[nH]1
NC(=NCl)c1ccsc1,NC(=NCl)c1ccsc1
CNc1ccnc(CCl)c1,CNc1ccnc(CCl)c1
N=C(Cl)N1CCCC1,N=C(Cl)N1CCCC1
Cc1nnc(C)c(Cl)n1,Cc1nnc(C)c(Cl)n1
CSc1ccnnc1Cl,CSc1ccnnc1Cl
[C-]#[N+]C(C#N)C=C,[C-]#[N+]C(C#N)C=C
CN1C=C=CN=C1,CN1C=C=CN=C1
CC1=CN(Cl)N=C(Cl)C1,CC1=CN(Cl)N=C(Cl)C1
NCCc1cncc(Cl)c1,NCCc1cncc(Cl)c1
CNc1cc(Cl)cc(C)n1,CNc1cc(Cl)cc(C)n1
ClNCc1ccccn1,ClNCc1ccccn1
CC(Cl)c1cc(Cl)n[nH]1,CC(Cl)c1cc(Cl)n[nH]1
ClC1CCCc2[nH]ncc21,ClC1CCCc2[nH]ncc21
CN=C=C=C=NC,CN=C=C=C=NC
C#Cc1ccn[nH]1,C#Cc1ccn[nH]1
Cn1cc2cc1N2,Cn1cc2cc1N2
c1n[nH]c2c1CC2,c1n[nH]c2c1CC2
C1=Cc2[nH]ncc21,C1=Cc2[nH]ncc21
ClCSc1ccncn1,ClCSc1ccncn1
ClNc1ccncc1,ClNc1ccncc1
c1nc2[nH]c1CC2,c1nc2[nH]c1CC2
Cc1c2c[nH]c1N2,Cc1c2c[nH]c1N2
CN1C(Cl)=NC=CC1Cl,CN1C(Cl)=NC=CC1Cl
Cc1ccncc1NCl,Cc1ccncc1NCl
ClNc1cccnc1,ClNc1cccnc1
C=CC(C#N)C#N,C=CC(C#N)C#N
CC(C#N)=CC#N,CC(C#N)=CC#N
N#CCC=CC=N,N#CCC=CC=N
Cn1cc(Br)c(CCl)n1,Cn1cc(Br)c(CCl)n1
Nc1ncccc1CCl,Nc1ncccc1CCl
CC(C)c1ccnc(Cl)n1,CC(C)c1ccnc(Cl)n1
Cc1[nH]cc[n+]1C.[Cl-],Cc1[nH]cc[n+]1C.[Cl-]
CN(C#N)C1C=CC(Cl)C1,CN(C#N)C1C=CC(Cl)C1
CNc1cncc(Cl)n1,CNc1cncc(Cl)n1
CC(C)c1cncnc1Cl,CC(C)c1cncnc1Cl
CCCc1cncnc1Cl,CCCc1cncnc1Cl
C=C1C=CN[C]N1,C=C1C=CN[C]N1
C=C(C)C=NC#N,C=C(C)C=NC#N
C=CCN=CC#N,C=CCN=CC#N
CC1(C#N)CCC(Cl)=N1,CC1(C#N)CCC(Cl)=N1
ClC1(C2[C@H]3CCC[C@@H]23)N=N1,ClC1(C2[C@H]3CCC[C@@H]23)N=N1
[CH+]=C1C=C[N-]N=C1,[CH+]=C1C=C[N-]N=C1
Cn1cnc(Br)c1CCl,Cn1cnc(Br)c1CCl
Cc1cc(CCl)cnc1N,Cc1cc(CCl)cnc1N
Cc1nc(N)ccc1CCl,Cc1nc(N)ccc1CCl
CNc1ccc(CCl)cn1,CNc1ccc(CCl)cn1
[N-]=C1C=C[CH+]C=N1,[N-]=C1C=C[CH+]C=N1
N#C/C=C\CC#N,N#C/C=C\CC#N
C=C(CCl)Cn1cccn1,C=C(CCl)Cn1cccn1
C=C(CCl)Cn1ccnc1,C=C(CCl)Cn1ccnc1
C[C@H](N)c1ncccc1Cl,C[C@H](N)c1ncccc1Cl
ClC1=NCC(CBr)=CN1,ClC1=NCC(CBr)=CN1
C=CN=NC(/C=C/C)=C/Cl,C=CN=NC(/C=C/C)=C/Cl
Nc1cc(=S)cc(Cl)[nH]1,Nc1cc(=S)cc(Cl)[nH]1
CC1(C)C=CN=C(Cl)N=C1,CC1(C)C=CN=C(Cl)N=C1
C=C1N=C(C)C=C(Cl)N1C,C=C1N=C(C)C=C(Cl)N1C
N=C1C(Cl)=NCCC1Cl,N=C1C(Cl)=NCCC1Cl
Cc1nccn1C(=N)Cl,Cc1nccn1C(=N)Cl
CNc1cnc(C)c(Cl)c1,CNc1cnc(C)c(Cl)c1
CCC1(Cl)CN=CN1,CCC1(Cl)CN=CN1
[C-]#[N+]/C(C)=C\C#N,[C-]#[N+]/C(C)=C\C#N
C=C/C(Cl)=N/N=C(/C)Cl,C=C/C(Cl)=N/N=C(/C)Cl
C=C(Cl)N=CN(C)C,C=C(Cl)N=CN(C)C
Cc1nc#ccn1,Cc1nc#ccn1
CN=C(Cl)CC(C)=N,CN=C(Cl)CC(C)=N
CC=C(C#N)C=N,CC=C(C#N)C=N
C1=CN=CN=CC1,C1=CN=CN=CC1
C=C(Cl)C(=C)C#N,C=C(Cl)C(=C)C#N
C=NC(Cl)=CC(Cl)=NC,C=NC(Cl)=CC(Cl)=NC
C/C=C(/C)N=C(N)Cl,C/C=C(/C)N=C(N)Cl
ClC1=C(C2CC2)NC=NC1,ClC1=C(C2CC2)NC=NC1
CCN=CC(Cl)=NC,CCN=CC(Cl)=NC
C=NC1C=CN=C1,C=NC1C=CN=C1
C1=CC=NN=CC=1,C1=CC=NN=CC=1
N=C1N=C/C=C\CCC1Cl,N=C1N=C/C=C\CCC1Cl
CC1=NN(C)C(Cl)C1,CC1=NN(C)C(Cl)C1
C=NC(=N)/C=C(\C)C(=C)Cl,C=NC(=N)/C=C(\C)C(=C)Cl
C1=NC=CN2CC=12,C1=NC=CN2CC=12
FCCn1cnc(Cl)c1,FCCn1cnc(Cl)c1
C=C1N=C(Cl)C=C(C)N1C,C=C1N=C(Cl)C=C(C)N1C
N#CCC1=NCC1,N#CCC1=NCC1
C=C1CN=CN=C1Cl,C=C1CN=CN=C1Cl
CN=C1C=CC=N1,CN=C1C=CC=N1
C=C(Cl)c1cc[nH]c1NC,C=C(Cl)c1cc[nH]c1NC
C=Cc1c(Cl)ccn1N,C=Cc1c(Cl)ccn1N
N=CC1=NCC=C1,N=CC1=NCC=C1
C/C=C(/Cl)NC=NC,C/C=C(/Cl)NC=NC
C=CNC(Cl)=NCC,C=CNC(Cl)=NCC
C=CNC(CCl)=NC,C=CNC(CCl)=NC
CC=C(Cl)n1ccnc1C,CC=C(Cl)n1ccnc1C
Nc1cc#ccn1,Nc1cc#ccn1
N#CC/C=C/C=N,N#CC/C=C/C=N
C=CC(C#N)=NC,C=CC(C#N)=NC
S=c1cc[nH]cc1NCl,S=c1cc[nH]cc1NCl
Cc1nc(Cl)c(CCl)[nH]1,Cc1nc(Cl)c(CCl)[nH]1
N#CC1CC=NC1,N#CC1CC=NC1
CN1C=CC(Cl)=NC1Cl,CN1C=CC(Cl)=NC1Cl
C/C=C\NC(Cl)=NC,C/C=C\NC(Cl)=NC
SCc1ncc(Cl)cn1,SCc1ncc(Cl)cn1
CN1C=C=NC=C1,CN1C=C=NC=C1
[C-]#[N+][C@H]1C[C@@H]1C#N,[C-]#[N+][C@H]1C[C@@H]1C#N
CC(=CC(=N)Cl)C(=N)Cl,CC(=CC(=N)Cl)C(=N)Cl
CC1(C)CC(Cl)N=N1,CC1(C)CC(Cl)N=N1
C1=CC=CC=NN=1,C1=CC=CC=NN=1
Cc1[nH]nc(C2CC2)c1Cl,Cc1[nH]nc(C2CC2)c1Cl
Cc1c(Cl)nc2n1CCC2,Cc1c(Cl)nc2n1CCC2
N/N=C1/C=CCCC(Cl)=C1,N/N=C1/C=CCCC(Cl)=C1
N#CC1CCC=N1,N#CC1CCC=N1
C/C=C\C(=N)C#N,C/C=C\C(=N)C#N
CC1=CCC=C(Cl)N=C1N,CC1=CCC=C(Cl)N=C1N
CN1C=C=CC=N1,CN1C=C=CC=N1
CC1=CC1NC#N,CC1=CC1NC#N
Cc1cnc#cn1,Cc1cnc#cn1
CC1=NCC(Cl)NC1,CC1=NCC(Cl)NC1
CN1C=CC(Cl)=C=N1,CN1C=CC(Cl)=C=N1
ClC1=CC=CN=CN1,ClC1=CC=CN=CN1
Cc1ncnc(Cl)c1S,Cc1ncnc(Cl)c1S
CC1=NC(Cl)C=C(Cl)N1,CC1=NC(Cl)C=C(Cl)N1
[C-]#[N+]C(C#N)CC,[C-]#[N+]C(C#N)CC
CC1CN=CC(Cl)C1C#N,CC1CN=CC(Cl)C1C#N
C=N/N=C(/C)C(C)Cl,C=N/N=C(/C)C(C)Cl
C=[NH+]c1ccc(N)cc1.[Cl-],C=[NH+]c1ccc(N)cc1.[Cl-]
C=CN=C(Cl)NC(=C)Cl,C=CN=C(Cl)NC(=C)Cl
CN=CC(C#N)=C(C)Cl,CN=CC(C#N)=C(C)Cl
C=C1CN=CC=N1,C=C1CN=CC=N1
C1=CC=CN=NC=1,C1=CC=CN=NC=1
CC1=NC(Cl)N=CC1Cl,CC1=NC(Cl)N=CC1Cl
CC1N=C(Cl)CC(Cl)=N1,CC1N=C(Cl)CC(Cl)=N1
C=C1CC=CN=N1,C=C1CC=CN=N1
C=NN=C(Cl)C=C(C)Cl,C=NN=C(Cl)C=C(C)Cl
NC(Cl)c1cnccn1,NC(Cl)c1cnccn1
C=CC1=CC=C(Cl)NN1,C=CC1=CC=C(Cl)NN1
Cc1cnnc(C)c1CCl,Cc1cnnc(C)c1CCl
Cc1nc(N)cc(Cl)c1C,Cc1nc(N)cc(Cl)c1C
Nc1[nH]ccc(=S)c1Cl,Nc1[nH]ccc(=S)c1Cl
Nc1cc(=S)c(Cl)c[nH]1,Nc1cc(=S)c(Cl)c[nH]1
C=C(Cl)C(N)=NCC,C=C(Cl)C(N)=NCC
NC1NC=C(Cl)C=C1Cl,NC1NC=C(Cl)C=C1Cl
Cc1c(Cl)cnc(N)c1C,Cc1c(Cl)cnc(N)c1C
Cl[C@@H]1C=C(C2CC2)N=N1,Cl[C@@H]1C=C(C2CC2)N=N1
Cl[C@H]1C=C(C2CC2)N=N1,Cl[C@H]1C=C(C2CC2)N=N1
NC1C=C=CC=N1,NC1C=C=CC=N1
N#C[C@H]1C=CC=N1,N#C[C@H]1C=CC=N1
N#C[C@@H]1C=CC=N1,N#C[C@@H]1C=CC=N1
C[C@H](Cl)c1ncccn1,C[C@H](Cl)c1ncccn1
C[C@@H](Cl)c1ncccn1,C[C@@H](Cl)c1ncccn1
N#CCC[C@H](Cl)CC#N,N#CCC[C@H](Cl)CC#N
N#CCC[C@@H](Cl)CC#N,N#CCC[C@@H](Cl)CC#N
Cn1cc(/C=C\CCl)cn1,Cn1cc(/C=C\CCl)cn1
C=CC1=NC=NC1,C=CC1=NC=NC1
ClCC=Cc1cn[nH]c1,ClCC=Cc1cn[nH]c1
ClCC=Cc1ccn[nH]1,ClCC=Cc1ccn[nH]1
ClCC=Cc1ncn[nH]1,ClCC=Cc1ncn[nH]1
Cc1[nH]ncc1C=CCCl,Cc1[nH]ncc1C=CCCl
Cn1ccc(C=CCCl)n1,Cn1ccc(C=CCCl)n1
Cc1ncc(C=CCCl)[nH]1,Cc1ncc(C=CCCl)[nH]1
Cc1[nH]cnc1C=CCCl,Cc1[nH]cnc1C=CCCl
Cn1ccnc1C=CCCl,Cn1ccnc1C=CCCl
Cn1nccc1C=CCCl,Cn1nccc1C=CCCl
CC(C)=N/C=N\CCl,CC(C)=N/C=N\CCl
C/C(Cl)=C/c1cncn1C,C/C(Cl)=C/c1cncn1C
NC1=CNC(Cl)C(F)=C1,NC1=CNC(Cl)C(F)=C1
C=N/C(Cl)=C\N=C(C)Br,C=N/C(Cl)=C\N=C(C)Br
C=N/C(Br)=C\N=C(C)Cl,C=N/C(Br)=C\N=C(C)Cl
CC(Cl)=N/C=C\C(=N)Cl,CC(Cl)=N/C=C\C(=N)Cl
C=C(C)n1cc(Cl)cn1,C=C(C)n1cc(Cl)cn1
CNc1cnncc1Cl,CNc1cnncc1Cl
C=C1C(N)=NC=C(Cl)C1C,C=C1C(N)=NC=C(Cl)C1C
ClCCC=Cc1cn[nH]c1,ClCCC=Cc1cn[nH]c1
ClCCC=Cc1ccn[nH]1,ClCCC=Cc1ccn[nH]1
ClCCC=Cc1cnc[nH]1,ClCCC=Cc1cnc[nH]1
ClCCC=Cc1ncc[nH]1,ClCCC=Cc1ncc[nH]1
C=C(C)n1cncc1Cl,C=C(C)n1cncc1Cl
Nc1ccc(Cl)c(=S)[nH]1,Nc1ccc(Cl)c(=S)[nH]1
C=C(C)n1cnc(Cl)c1,C=C(C)n1cnc(Cl)c1
NC1(Cl)C=C(Cl)C=NC1,NC1(Cl)C=C(Cl)C=NC1
Cc1cnnc(Br)c1.Cl,Cc1cnnc(Br)c1.Cl
Cc1nn(C)c(F)c1Cl,Cc1nn(C)c(F)c1Cl
C=CC[C@@H](N)C#N.Cl,C=CC[C@@H](N)C#N.Cl
C#Cc1cc(C)[nH]n1.Cl,C#Cc1cc(C)[nH]n1.Cl
CN1C=CN(CCl)C1,CN1C=CN(CCl)C1
NNC12CC(Cl)(C1)C2,NNC12CC(Cl)(C1)C2
C=CCc1cn(Cl)c(C)n1,C=CCc1cn(Cl)c(C)n1
CC(C#N)=CCN.Cl,CC(C#N)=CCN.Cl
Nc1ccnc(CCl)n1,Nc1ccnc(CCl)n1
N=C1C=CC=NC1,N=C1C=CC=NC1
Cl.N=C1C=CC(=N)C=C1,Cl.N=C1C=CC(=N)C=C1
CSc1cncnc1Cl,CSc1cncnc1Cl
Nc1ccccc1NCl,Nc1ccccc1NCl
Cc1cccc(N(N)Cl)c1,Cc1cccc(N(N)Cl)c1
C=C1N=CC=CN1,C=C1N=CC=CN1
Nc1ccnc(N)c1Cl,Nc1ccnc(N)c1Cl
CC(N)c1cccc(Cl)n1,CC(N)c1cccc(Cl)n1
Clc1n[nH]c2c1CCC2,Clc1n[nH]c2c1CCC2
C=CCn1cc(CCl)cn1,C=CCn1cc(CCl)cn1
Cn1nc(Cl)cc1CCl,Cn1nc(Cl)cc1CCl
Nc1ccc(CCl)cn1,Nc1ccc(CCl)cn1
CC(Cl)c1cnccn1,CC(Cl)c1cnccn1
Cc1ccc(CCl)nn1,Cc1ccc(CCl)nn1
C[n+]1cccnc1Cl.[F-],C[n+]1cccnc1Cl.[F-]
NCc1cnc(Cl)cn1,NCc1cnc(Cl)cn1
Cn1ncc(CCl)c1Cl,Cn1ncc(CCl)c1Cl
Cc1cnnc(Cl)c1,Cc1cnnc(Cl)c1
CSc1cc(Cl)ncn1,CSc1cc(Cl)ncn1
CNc1cnnc(Cl)c1,CNc1cnnc(Cl)c1
CCNCC(Cl)C#N,CCNCC(Cl)C#N
NN(Cl)c1ccccn1,NN(Cl)c1ccccn1
Cc1c(Cl)ccc(N)c1N,Cc1c(Cl)ccc(N)c1N
Cc1cc(N)c(C)nc1Cl,Cc1cc(N)c(C)nc1Cl
Cl.N#CC1CCCN1,Cl.N#CC1CCCN1
NCc1ccc(N)c(Cl)c1,NCc1ccc(N)c(Cl)c1
Nc1ccc(NCl)cc1,Nc1ccc(NCl)cc1
c1cc2c(nn1)C2,c1cc2c(nn1)C2
c1cnc2c(n1)C2,c1cnc2c(n1)C2
Cc1cc(N)cc(Cl)c1N,Cc1cc(N)cc(Cl)c1N
Cc1c(N)ncnc1Cl,Cc1c(N)ncnc1Cl
Nc1cc(CCl)ncn1,Nc1cc(CCl)ncn1
C1=CN=CCN=C1,C1=CN=CCN=C1
C1=CC=NCN=C1,C1=CC=NCN=C1
CSc1cnc(Cl)nc1,CSc1cnc(Cl)nc1
NC(N)(Cl)c1ccccc1,NC(N)(Cl)c1ccccc1
NC(Cl)c1ccccn1,NC(Cl)c1ccccn1
C=Nn1cccc1,C=Nn1cccc1
[C-]#[N+]CC(C)C#N,[C-]#[N+]CC(C)C#N
[Cl-].[N-]=[N+]=C1C=C[NH2+]C=C1,[Cl-].[N-]=[N+]=C1C=C[NH2+]C=C1
Nc1cnc(Cl)c(N)c1,Nc1cnc(Cl)c(N)c1
CCc1ncc(C)nc1Cl,CCc1ncc(C)nc1Cl
CCc1cnc(C)c(Cl)n1,CCc1cnc(C)c(Cl)n1
Cc1cnnc(C)c1Cl,Cc1cnnc(C)c1Cl
NCc1ccc(Cl)nn1,NCc1ccc(Cl)nn1
Cc1c(N)cc(N)cc1Cl,Cc1c(N)cc(N)cc1Cl
N=C=C1C=CC=N1,N=C=C1C=CC=N1
N#CC1=NCCC1,N#CC1=NCCC1
CNNc1ccc(Cl)cc1,CNNc1ccc(Cl)cc1
C=Cc1cn[nH]c1,C=Cc1cn[nH]c1
NC(N)c1ccccc1Cl,NC(N)c1ccccc1Cl
Cl.Cn1cccc1N,Cl.Cn1cccc1N
CC(C)c1cc(Cl)ncn1,CC(C)c1cc(Cl)ncn1
CCCc1cc(Cl)ncn1,CCCc1cc(Cl)ncn1
[C-]#[N+]CC(C)[N+]#[C-],[C-]#[N+]CC(C)[N+]#[C-]
C/C(C#N)=C/C#N,C/C(C#N)=C/C#N
C1=CCC=NN=C1,C1=CCC=NN=C1
Cl.NN1C=CC=CC1,Cl.NN1C=CC=CC1
Nc1nccc(Cl)c1N,Nc1nccc(Cl)c1N
N#CC1=CNCC1,N#CC1=CNCC1
CCNc1ccc(Cl)nc1,CCNc1ccc(Cl)nc1
CNCc1cccnc1Cl,CNCc1cccnc1Cl
NCc1nccc(Cl)n1,NCc1nccc(Cl)n1
ClNc1ccccn1,ClNc1ccccn1
CC1N=C(Cl)C=C(Cl)N1,CC1N=C(Cl)C=C(Cl)N1
Cc1nc(N)cnc1Cl,Cc1nc(N)cnc1Cl
Cl.Nc1ccc(Br)cn1,Cl.Nc1ccc(Br)cn1
Nc1cnc(CCl)cn1,Nc1cnc(CCl)cn1
C=C=NC(C)C#N,C=C=NC(C)C#N
Cl.ClCc1cccnn1,Cl.ClCc1cccnn1
CNc1cc(Cl)ccn1,CNc1cc(Cl)ccn1
NCc1cc(Cl)ccn1,NCc1cc(Cl)ccn1
Cc1ncc(Cl)c(N)n1,Cc1ncc(Cl)c(N)n1
N#CCC(C#N)CCl,N#CCC(C#N)CCl
N#CCCC(Cl)CC#N,N#CCCC(Cl)CC#N
N#CC1CC(=N)C1,N#CC1CC(=N)C1
Cn1cnc(/C=C/CCl)c1,Cn1cnc(/C=C/CCl)c1
N#CC1=CCNC1,N#CC1=CCNC1
Cc1nccc(Cl)n1.Cl,Cc1nccc(Cl)n1.Cl
ClCc1cncn1C1CC1,ClCc1cncn1C1CC1
C#CCN(C)C#N,C#CCN(C)C#N
C=C1C=CC=NN1,C=C1C=CC=NN1
NC#CCC#CN,NC#CCC#CN
Cc1c(N)cc(Cl)cc1N,Cc1c(N)cc(Cl)cc1N
NNc1ccc(CCl)cc1,NNc1ccc(CCl)cc1
ClC1NNC2C=CC=CC12,ClC1NNC2C=CC=CC12
CCC(N)C(Cl)C#N,CCC(N)C(Cl)C#N
N#CC1=CCCN1,N#CC1=CCCN1
Nc1cnc(N)c(Cl)c1,Nc1cnc(N)c(Cl)c1
Cc1cc(N)c(N)c(Cl)c1,Cc1cc(N)c(N)c(Cl)c1
N#CC1CC1C#N,N#CC1CC1C#N
C=CC#N.CC(Cl)C#N,C=CC#N.CC(Cl)C#N
C=C(Cl)/C=C\C#N,C=C(Cl)/C=C\C#N
Cc1nn(C)c(Br)c1Cl,Cc1nn(C)c(Br)c1Cl
N#C/C=C\N1CC1,N#C/C=C\N1CC1
Cl.ClCc1ccnnc1,Cl.ClCc1ccnnc1
CCc1ncc[nH]1.Cl,CCc1ncc[nH]1.Cl
Cc1cc2nc-2n1,Cc1cc2nc-2n1
ClCc1nccn1CCl,ClCc1nccn1CCl
CC=N/C=C/C#N,CC=N/C=C/C#N
[C-]#[N+]/C(C#N)=C/C,[C-]#[N+]/C(C#N)=C/C
Cc1c(Cl)c(Cl)nn1C,Cc1c(Cl)c(Cl)nn1C
Nc1ncc(CCl)cn1,Nc1ncc(CCl)cn1
Nc1cccc(NCl)c1,Nc1cccc(NCl)c1
CN(C)c1cncc(Cl)c1,CN(C)c1cncc(Cl)c1
Cc1ccc(Cl)c(N)c1N,Cc1ccc(Cl)c(N)c1N
Cc1cc(Cl)cc(NN)c1,Cc1cc(Cl)cc(NN)c1
CCc1[nH]c(Cl)nc1Cl,CCc1[nH]c(Cl)nc1Cl
CCc1cnc(C)nc1Cl,CCc1cnc(C)nc1Cl
Clc1cn2c(n1)CCCC2,Clc1cn2c(n1)CCCC2
CCc1ccnc(Cl)c1N,CCc1ccnc(Cl)c1N
CCc1cc(N)nc(Cl)c1,CCc1cc(N)nc(Cl)c1
Clc1nnc2n1CCC2,Clc1nnc2n1CCC2
NCc1ncncc1Cl,NCc1ncncc1Cl
NCc1cncnc1Cl,NCc1cncnc1Cl
Clc1cc2n(c1)CCNC2,Clc1cc2n(c1)CCNC2
CNCc1ncccc1Cl,CNCc1ncccc1Cl
CCNc1cnccc1Cl,CCNc1cnccc1Cl
Clc1n[nH]c2c1CSC2,Clc1n[nH]c2c1CSC2
Clc1cc2c([nH]1)CCNC2,Clc1cc2c([nH]1)CCNC2
Cc1cc(Cl)nc(N)c1C,Cc1cc(Cl)nc(N)c1C
N=C(N)c1csc(Cl)c1,N=C(N)c1csc(Cl)c1
Cn1nc(Cl)c2c1CCC2,Cn1nc(Cl)c2c1CCC2
Cc1nc(Cl)n(C)c1Br,Cc1nc(Cl)n(C)c1Br
NC1CCc2c1c[nH]c2Cl,NC1CCc2c1c[nH]c2Cl
CCc1cc(N)ncc1Cl,CCc1cc(N)ncc1Cl
Cc1cnc(Cl)c(N)c1C,Cc1cnc(Cl)c(N)c1C
Cc1ncc(Cl)c(N)c1C,Cc1ncc(Cl)c(N)c1C
CCc1cncc(Cl)c1N,CCc1cncc(Cl)c1N
CCc1cc(N)c(Cl)cn1,CCc1cc(N)c(Cl)cn1
CC1(C)CC(Cl)=NN1,CC1(C)CC(Cl)=NN1
CC1CC(Cl)=NN1C,CC1CC(Cl)=NN1C
ClC1=CN2C=CSC2N1,ClC1=CN2C=CSC2N1
CCC1CC(Cl)=NN1,CCC1CC(Cl)=NN1
CCN1CCC(Cl)=N1,CCN1CCC(Cl)=N1
Clc1[nH]ncc1C1CC1,Clc1[nH]ncc1C1CC1
Clc1ccn(C2CC2)n1,Clc1ccn(C2CC2)n1
Clc1ccnn1C1CC1,Clc1ccnn1C1CC1
Clc1nc2n(n1)CCC2,Clc1nc2n(n1)CCC2
Cn1ncc(C2CC2)c1Cl,Cn1ncc(C2CC2)c1Cl
Cn1nc(Cl)cc1C1CC1,Cn1nc(Cl)cc1C1CC1
Clc1ccnn1C1CCC1,Clc1ccnn1C1CCC1
Cc1cc(Cl)n(C2CC2)n1,Cc1cc(Cl)n(C2CC2)n1
NC1(c2c[nH]c(Cl)c2)CC1,NC1(c2c[nH]c(Cl)c2)CC1
NC1C=CC(Cl)=NC1=S,NC1C=CC(Cl)=NC1=S
CSc1cnncc1Cl,CSc1cnncc1Cl
Cc1nncnc1CCl,Cc1nncnc1CCl
[N-]=[N+]=C=C1CCC1,[N-]=[N+]=C=C1CCC1
N=C1C=CC(N)=C1,N=C1C=CC(N)=C1
C=c1nc[nH]c1=C,C=c1nc[nH]c1=C
[N-]=[N+]=C1CC12CC2,[N-]=[N+]=C1CC12CC2
N=C1C=CC=C1N,N=C1C=CC=C1N
C1=CC=NC=CN=1,C1=CC=NC=CN=1
C1=CN=CC=CN=1,C1=CN=CC=CN=1
C1=CC=CN=CN=1,C1=CC=CN=CN=1
NN=Cc1ccc(Cl)s1,NN=Cc1ccc(Cl)s1
ClCCn1ccnc1Cl,ClCCn1ccnc1Cl
C1=NN=CC2CC12,C1=NN=CC2CC12
N#CC(C#N)CCCl,N#CC(C#N)CCCl
CC(Cl)n1cc(Br)cn1,CC(Cl)n1cc(Br)cn1
Nc1nc(Cl)ccc1S,Nc1nc(Cl)ccc1S
Nc1ncc(Cl)cc1S,Nc1ncc(Cl)cc1S
C[C@H](Cl)c1cnccn1,C[C@H](Cl)c1cnccn1
C[C@@H](Cl)c1cnccn1,C[C@@H](Cl)c1cnccn1
ClCCC1=CNCN1,ClCCC1=CNCN1
ClCc1cnc(CCl)[nH]1,ClCc1cnc(CCl)[nH]1
Cl.NCc1ccc[nH]1,Cl.NCc1ccc[nH]1
CC=C1N=CC=N1,CC=C1N=CC=N1
CN1CCC(=N)C1Cl,CN1CCC(=N)C1Cl
N=Cn1cccc1,N=Cn1cccc1
ClCCc1ccnnc1,ClCCc1ccnnc1
ClC(Br)Cn1cccn1,ClC(Br)Cn1cccn1
C=C1N=CN=C1Cl,C=C1N=CN=C1Cl
Clc1cnc(C2CC2)[nH]1,Clc1cnc(C2CC2)[nH]1
[C-]#[N+]C(CC)[N+]#[C-],[C-]#[N+]C(CC)[N+]#[C-]
Nc1ccc(N)c(CCl)c1,Nc1ccc(N)c(CCl)c1
SCc1nccc(Cl)n1,SCc1nccc(Cl)n1
CCc1ncc(N)cc1Cl,CCc1ncc(N)cc1Cl
CC(C)=Cn1cnc(Cl)c1,CC(C)=Cn1cnc(Cl)c1
C=C(C)Cn1cnc(Cl)c1,C=C(C)Cn1cnc(Cl)c1
N#CC=CCC=N,N#CC=CCC=N
C=C(Cl)C=CC#N,C=C(Cl)C=CC#N
CCc1c(Cl)ccnc1N,CCc1c(Cl)ccnc1N
C=C1C=NN=CC1,C=C1C=NN=CC1
Cn1nc(Cl)ccc1=S,Cn1nc(Cl)ccc1=S
CCc1nc(Cl)ccc1N,CCc1nc(Cl)ccc1N
Cl.ClCc1cncnc1,Cl.ClCc1cncnc1
Cl.Cn1ccc(N)c1,Cl.Cn1ccc(N)c1
CNc1cc(N)cc(Cl)c1,CNc1cc(N)cc(Cl)c1
[C+]1=CC=CC=N1.[Cl-],[C+]1=CC=CC=N1.[Cl-]
CC1(C#N)CNC1.Cl,CC1(C#N)CNC1.Cl
[CH]c1cncnc1,[CH]c1cncnc1
ClNNCc1ccccc1,ClNNCc1ccccc1
Cc1nn(CCl)cc1Br,Cc1nn(CCl)cc1Br
[CH2-][NH2+]c1cc(C)nc(Cl)c1,[CH2-][NH2+]c1cc(C)nc(Cl)c1
[CH2-][NH2+]Cc1ccc(Cl)nc1,[CH2-][NH2+]Cc1ccc(Cl)nc1
CNc1cncc(Cl)c1,CNc1cncc(Cl)c1
[CH]N([CH])CN([CH])[CH],[CH]N([CH])CN([CH])[CH]
[CH]c1cnn(C)c1,[CH]c1cnn(C)c1
N#CC=C1CN(Cl)C1,N#CC=C1CN(Cl)C1
C=NC1=NCC=C1,C=NC1=NCC=C1
C=NC1=NC=CC1,C=NC1=NC=CC1
[CH]n1nccc1C,[CH]n1nccc1C
CCc1ncc(Cl)cc1N,CCc1ncc(Cl)cc1N
CC(C)c1cnc(Cl)cn1,CC(C)c1cnc(Cl)cn1
CC(C)c1ncncc1Cl,CC(C)c1ncncc1Cl
[CH]c1ccnn1C,[CH]c1ccnn1C
CC(Cl)c1cccnn1,CC(Cl)c1cccnn1
Nc1c(Cl)[nH]ccc1=S,Nc1c(Cl)[nH]ccc1=S
CNc1cnc(Cl)cc1C,CNc1cnc(Cl)cc1C
[CH+]=C1C=C[N-]C=N1,[CH+]=C1C=C[N-]C=N1
[CH]C1=NNC(=C)C1,[CH]C1=NNC(=C)C1
Cc1c#cncn1,Cc1c#cncn1
[CH]c1c(C)nn(C)c1Cl,[CH]c1c(C)nn(C)c1Cl
N#CC1=CCN=C1,N#CC1=CCN=C1
Cc1cnc2n1CCC2Cl,Cc1cnc2n1CCC2Cl
N#CC1=CC(Cl)CNC1,N#CC1=CC(Cl)CNC1
Cn1ncc(Cl)c1C1CC1,Cn1ncc(Cl)c1C1CC1
C=CCn1nccc1CCl,C=CCn1nccc1CCl
C=C(CCl)c1nc[nH]c1C,C=C(CCl)c1nc[nH]c1C
C=C(CCl)c1ccn[nH]1,C=C(CCl)c1ccn[nH]1
C=C(CCl)c1cn[nH]c1,C=C(CCl)c1cn[nH]c1
C=Cn1cc(CCl)cn1,C=Cn1cc(CCl)cn1
C=C(CCl)c1cncn1C,C=C(CCl)c1cncn1C
Cc1c(Br)nc(Cl)n1C,Cc1c(Br)nc(Cl)n1C
Cc1cc(CCl)nnc1C,Cc1cc(CCl)nnc1C
C=Cc1c(Cl)ncn1C,C=Cc1c(Cl)ncn1C
CCn1cnc(Cl)c1Br,CCn1cnc(Cl)c1Br
C=C(CCl)c1ccn(C)n1,C=C(CCl)c1ccn(C)n1
C=C(CCl)c1cc(C)[nH]n1,C=C(CCl)c1cc(C)[nH]n1
Clc1cnn2c1NCC2,Clc1cnn2c1NCC2
C=Cc1c(Cl)ncn1CC,C=Cc1c(Cl)ncn1CC
C=C(CCl)c1ncn[nH]1,C=C(CCl)c1ncn[nH]1
Cn1cnc(Cl)c1CCl,Cn1cnc(Cl)c1CCl
ClC1(c2ccn[nH]2)CC1,ClC1(c2ccn[nH]2)CC1
ClCc1ccn(C2CC2)n1,ClCc1ccn(C2CC2)n1
C=C(CCl)c1cnc[nH]1,C=C(CCl)c1cnc[nH]1
[C-]#[N+]/C=C/CC#N,[C-]#[N+]/C=C/CC#N
C#CCCC1N=N1,C#CCCC1N=N1
C/C(C#N)=C\CN.Cl,C/C(C#N)=C\CN.Cl
N=C/C=C(C=N)\C=C\Cl,N=C/C=C(C=N)\C=C\Cl
C=CN=C(Cl)N(C)C,C=CN=C(Cl)N(C)C
Cn1ccc(Cl)cc1=N,Cn1ccc(Cl)cc1=N
CN(C(=N)Cl)C1CC1,CN(C(=N)Cl)C1CC1
C=C(CC)N=C(N)Cl,C=C(CC)N=C(N)Cl
CC1C=C(Cl)NN1C,CC1C=C(Cl)NN1C
C=C/C(Cl)=N\N(C)C,C=C/C(Cl)=N\N(C)C
C=C(C#N)C(Cl)=NCC,C=C(C#N)C(Cl)=NCC
CN=C(Cl)N=C(C)C,CN=C(Cl)N=C(C)C
C=C(/C=C\C)N=CN=CCl,C=C(/C=C\C)N=CN=CCl
CN/C=C\C(Cl)=C/CC#N,CN/C=C\C(Cl)=C/CC#N
CCN/C=C/C(=N)Cl,CCN/C=C/C(=N)Cl
NC1C=C(F)C(Cl)=CN1,NC1C=C(F)C(Cl)=CN1
C=C(NN)C1=C(Cl)C=CC1,C=C(NN)C1=C(Cl)C=CC1
Cn1ccnc1C(=N)Cl,Cn1ccnc1C(=N)Cl
C=C(N)C(=C)NCCl,C=C(N)C(=C)NCCl
CN/C(C=N)=C(\C)Cl,CN/C(C=N)=C(\C)Cl
CN/C=C(\C)C(=N)Cl,CN/C=C(\C)C(=N)Cl
CC=N/C(C)=C(/N)Cl,CC=N/C(C)=C(/N)Cl
CN=C(Cl)/C=C(\C)N,CN=C(Cl)/C=C(\C)N
CN/C(C)=C/C(=N)Cl,CN/C(C)=C/C(=N)Cl
CC(C)c1cnnc(Cl)c1,CC(C)c1cnnc(Cl)c1
CSc1ccnc(Cl)n1,CSc1ccnc(Cl)n1
Nc1cncc(Cl)c1N,Nc1cncc(Cl)c1N
NC(N)c1cccc(Cl)c1,NC(N)c1cccc(Cl)c1
ClNNc1ccccn1,ClNNc1ccccn1
CC(C)c1ccc(Cl)nn1,CC(C)c1ccc(Cl)nn1
NCc1cccc(Cl)c1N,NCc1cccc(Cl)c1N
Clc1n[nH]c2c1CCCC2,Clc1n[nH]c2c1CCCC2
c1cnc2c(c1)N2,c1cnc2c(c1)N2
c1cc2cc(n1)N2,c1cc2cc(n1)N2
CCNc1ccc(Cl)cn1,CCNc1ccc(Cl)cn1
[N-]=[N+]1C2=CC1C=C2,[N-]=[N+]1C2=CC1C=C2
Cc1ccc(N)c(N)c1Cl,Cc1ccc(N)c(N)c1Cl
Cc1cnc(C)c(Cl)c1N,Cc1cnc(C)c(Cl)c1N
CSn1cc(Cl)c2c1N2,CSn1cc(Cl)c2c1N2
CNc1ncccc1Cl,CNc1ncccc1Cl
NC1C=NC(Cl)=CC1Cl,NC1C=NC(Cl)=CC1Cl
Cl.N#CC(N)C1CC1,Cl.N#CC(N)C1CC1
C#Cc1cnc[nH]1,C#Cc1cnc[nH]1
CC(Cl)c1ccnnn1,CC(Cl)c1ccnnn1
CN1C=C(Cl)NC=C1Cl,CN1C=C(Cl)NC=C1Cl
CC1=CN(Cl)C=CN1Cl,CC1=CN(Cl)C=CN1Cl
Cl.N#CN1CCCC1,Cl.N#CN1CCCC1
CC(N)c1cc(Cl)ccn1,CC(N)c1cc(Cl)ccn1
Cc1ncc(Cl)cc1N,Cc1ncc(Cl)cc1N
C=C=NCCC#N,C=C=NCCC#N
Cl.ClCc1cnccn1,Cl.ClCc1cnccn1
C=C/C(C#N)=C\Cl,C=C/C(C#N)=C\Cl
Cl.N#Cc1csc(N)c1,Cl.N#Cc1csc(N)c1
Cc1ncc(C(Cl)Cl)[nH]1,Cc1ncc(C(Cl)Cl)[nH]1
Cl.N=C/C=C/C=C/N,Cl.N=C/C=C/C=C/N
CC1(Cl)C=C(Cl)NC=N1,CC1(Cl)C=C(Cl)NC=N1
c1cc2c(cn1)N2,c1cc2c(cn1)N2
C=CCn1ccnc1CCl,C=CCn1ccnc1CCl
N#CCc1[nH]cc[nH+]1.[Cl-],N#CCc1[nH]cc[nH+]1.[Cl-]
CC(Cl)N1C=NCC1,CC(Cl)N1C=NCC1
N#CN1C=C(Cl)CC1,N#CN1C=C(Cl)CC1
ClCCN1CCC=N1,ClCCN1CCC=N1
N/C(=N\Cl)C1CCC1,N/C(=N\Cl)C1CCC1
N#CCN1C=CC1,N#CCN1C=CC1
ClNCCc1ccncc1,ClNCCc1ccncc1
Cc1cc(NCl)ccc1N,Cc1cc(NCl)ccc1N
Cc1cc(N)ccc1NCl,Cc1cc(N)ccc1NCl
N=C(N)c1cccn1Cl,N=C(N)c1cccn1Cl
Cl.Cn1cc(C#N)cn1,Cl.Cn1cc(C#N)cn1
C=Cn1ccnc1Cl,C=Cn1ccnc1Cl
[CH2-][NH2+]Cc1ccc(Cl)cn1,[CH2-][NH2+]Cc1ccc(Cl)cn1
CC1=CN(C#N)C1,CC1=CN(C#N)C1
[C-]#[N+]C=C1CNC1,[C-]#[N+]C=C1CNC1
Cc1[nH]c(=S)ncc1Cl,Cc1[nH]c(=S)ncc1Cl
Cl.N=c1cccccn1,Cl.N=c1cccccn1
CN1CC=C(Cl)NC1,CN1CC=C(Cl)NC1
CCN1CCN=C1Cl,CCN1CCN=C1Cl
NC1(Cl)C=CN=C(Cl)C1,NC1(Cl)C=CN=C(Cl)C1
[Cl-].[NH4+].c1ccncc1,[Cl-].[NH4+].c1ccncc1
Cn1cc(Cl)nc1CCl,Cn1cc(Cl)nc1CCl
CCc1ncc(Cl)nc1C,CCc1ncc(Cl)nc1C
CC1=NC(Cl)CN1C,CC1=NC(Cl)CN1C
NN=c1ccccn1Cl,NN=c1ccccn1Cl
CC1=CCC(=[N+]=[N-])C=C1.Cl,CC1=CCC(=[N+]=[N-])C=C1.Cl
CCn1nc(Cl)cc1Cl,CCn1nc(Cl)cc1Cl
CC1(C)N=CC=[NH+]1.[Cl-],CC1(C)N=CC=[NH+]1.[Cl-]
Cl.c1cc2c[nH][nH]c-2c1,Cl.c1cc2c[nH][nH]c-2c1
C=Cn1cc(Cl)nc1C,C=Cn1cc(Cl)nc1C
CC1N=C(Cl)NC1C,CC1N=C(Cl)NC1C
ClSCc1ncccn1,ClSCc1ncccn1
C=CCn1nc(C)cc1Cl,C=CCn1nc(C)cc1Cl
C=CCn1cc(Cl)c(C)n1,C=CCn1cc(Cl)c(C)n1
C=CCC1=C(Cl)NCN=C1,C=CCC1=C(Cl)NCN=C1
C=Cc1cn(Cl)c(C)n1,C=Cc1cn(Cl)c(C)n1
N=C(Cl)c1cc[nH]c1,N=C(Cl)c1cc[nH]c1
Cc1nc(=S)cc(Cl)[nH]1,Cc1nc(=S)cc(Cl)[nH]1
C=CCCc1nccn1Cl,C=CCCc1nccn1Cl
Clc1ccn(C2CCC2)n1,Clc1ccn(C2CCC2)n1
C=C/C=C(/Cl)C#N,C=C/C=C(/Cl)C#N
Nc1cccnc1NCl,Nc1cccnc1NCl
c1cc2nc(c1)N2,c1cc2nc(c1)N2
CN1C=C(Br)C=C(Cl)N1,CN1C=C(Br)C=C(Cl)N1
ClC(Cl)Cc1ccn[nH]1,ClC(Cl)Cc1ccn[nH]1
ClC1CC1c1ccn[nH]1,ClC1CC1c1ccn[nH]1
C=Cc1cn(Cl)c(CC)n1,C=Cc1cn(Cl)c(CC)n1
CC1C=CC=CC1=[N+]=[N-].Cl,CC1C=CC=CC1=[N+]=[N-].Cl
CC1=CC=CC(=[N+]=[N-])C1.Cl,CC1=CC=CC(=[N+]=[N-])C1.Cl
Cc1cnnc(N)c1Cl,Cc1cnnc(N)c1Cl
Cc1nccc(NCl)n1,Cc1nccc(NCl)n1
NN(Cl)C12CC(C1)C2,NN(Cl)C12CC(C1)C2
CN1CN=C(Cl)C=C1Cl,CN1CN=C(Cl)C=C1Cl
Cc1cnnc(NCl)c1,Cc1cnnc(NCl)c1
C#CC[C@H](N)C#N,C#CC[C@H](N)C#N
ClC1N=CC=CN1C1CC1,ClC1N=CC=CN1C1CC1
Cc1nccn1C=CCCl,Cc1nccn1C=CCCl
N#CCC1=NC=C1,N#CCC1=NC=C1
ClC1(n2ccnc2)CC1,ClC1(n2ccnc2)CC1
C=C1CC(=C)N=N1,C=C1CC(=C)N=N1
CN1CN=CC(Cl)=C1Cl,CN1CN=CC(Cl)=C1Cl
CC=Cc1nc(Cl)[nH]c1C,CC=Cc1nc(Cl)[nH]c1C
C=CCCn1ccnc1Cl,C=CCCn1ccnc1Cl
Cc1ccnc(Cl)n1.Cl,Cc1ccnc(Cl)n1.Cl
CN1C=CC=NC=C1Cl,CN1C=CC=NC=C1Cl
C1=CC2=NCCCC2=N1.Cl,C1=CC2=NCCCC2=N1.Cl
C=Cc1nccc[n+]1C.[Cl-],C=Cc1nccc[n+]1C.[Cl-]
Cc1c[n+](C)c[nH]1.[Cl-],Cc1c[n+](C)c[nH]1.[Cl-]
CC1=NC(Cl)N(F)C=C1,CC1=NC(Cl)N(F)C=C1
N#CC=C1CCN1,N#CC=C1CCN1
Cl.Nc1ccncc1F,Cl.Nc1ccncc1F
CC1N=CN(C)C1Cl,CC1N=CN(C)C1Cl
CCl.Cn1ccnc1,CCl.Cn1ccnc1
NCc1cc2[nH]c1=2,NCc1cc2[nH]c1=2
C=C/C(Cl)=C(Cl)\C=N/N,C=C/C(Cl)=C(Cl)\C=N/N
SNc1ncccc1Cl,SNc1ncccc1Cl
Cln1ccc(C2CC2)n1,Cln1ccc(C2CC2)n1
Cn1nccc1C(Cl)Cl,Cn1nccc1C(Cl)Cl
C=CC(Cl)n1ccnc1,C=CC(Cl)n1ccnc1
C=CCc1ncc(Cl)[nH]1,C=CCc1ncc(Cl)[nH]1
C=CCN1CC=CN=C1Cl,C=CCN1CC=CN=C1Cl
C=CCN1C=CC=NC1Cl,C=CCN1C=CC=NC1Cl
Cn1ccnc1C(Cl)Cl,Cn1ccnc1C(Cl)Cl
CCc1nccc(Cl)c1N,CCc1nccc(Cl)c1N
Clc1ccc2cc1-2.NN,Clc1ccc2cc1-2.NN
c1cc2c([nH]1)CN2,c1cc2c([nH]1)CN2
C=NCc1cnc(Cl)s1,C=NCc1cnc(Cl)s1
ClC1=CC=CC=NN1,ClC1=CC=CC=NN1
ClC1=NC=CC=CN1,ClC1=NC=CC=CN1
ClC1(C2CC2)N=CC=CN1,ClC1(C2CC2)N=CC=CN1
C1=CCN=CN=C1,C1=CCN=CN=C1
Cl.Nc1ncccc1F,Cl.Nc1ncccc1F
C=CC1N=CC=N1,C=CC1N=CC=N1
C=C1C=CN=NC1,C=C1C=CN=NC1
N=C(N)c1sccc1Cl,N=C(N)c1sccc1Cl
NNC(Cl)c1ccccc1,NNC(Cl)c1ccccc1
Cc1cc(CCCl)ncn1,Cc1cc(CCCl)ncn1
C=CC(Cl)c1cnc[nH]1,C=CC(Cl)c1cnc[nH]1
N#CC1=CN=CC1,N#CC1=CN=CC1
CC1=C[NH2+]C(C)=N1.[Cl-],CC1=C[NH2+]C(C)=N1.[Cl-]
Cc1c[nH+]c(C)[nH]1.[Cl-],Cc1c[nH+]c(C)[nH]1.[Cl-]
Nc1cccc(CCl)c1N,Nc1cccc(CCl)c1N
Cc1nncc(Cl)c1C,Cc1nncc(Cl)c1C
Cc1cc(Cl)c(Cl)n1N,Cc1cc(Cl)c(Cl)n1N
NC1(Cl)C=CN=CC1F,NC1(Cl)C=CN=CC1F
Cn1c(CCl)cnc1Cl,Cn1c(CCl)cnc1Cl
NC1(Br)C=CC(Cl)=CN1,NC1(Br)C=CC(Cl)=CN1
Clc1cnn2c1C2,Clc1cnn2c1C2
NC(N)c1ccc(Cl)cc1,NC(N)c1ccc(Cl)cc1
CNc1cccc(N)c1Cl,CNc1cccc(N)c1Cl
C=CCc1cnc(Cl)[nH]1,C=CCc1cnc(Cl)[nH]1
Cl.Nc1cncc(F)c1,Cl.Nc1cncc(F)c1
C1=CCN2NC2=C1,C1=CCN2NC2=C1
C[C@H](N)c1cc(Cl)ccn1,C[C@H](N)c1cc(Cl)ccn1
Cl.N#Cc1cc[nH]c1,Cl.N#Cc1cc[nH]c1
Cl.Nc1ccc(F)cn1,Cl.Nc1ccc(F)cn1
CC(N)c1ccc(Cl)cn1,CC(N)c1ccc(Cl)cn1
CC1=NNC(Cl)CC1,CC1=NNC(Cl)CC1
Cc1nc(Cl)c(CBr)[nH]1,Cc1nc(Cl)c(CBr)[nH]1
Cc1cc(C)c(Cl)nc1N,Cc1cc(C)c(Cl)nc1N
ClCNc1cccnc1,ClCNc1cccnc1
C=C(Cl)NC(C)=NC,C=C(Cl)NC(C)=NC
C=C(Cl)Cc1ccn[nH]1,C=C(Cl)Cc1ccn[nH]1
C=Cc1sc(N)nc1Cl,C=Cc1sc(N)nc1Cl
N#CN1C=CCC1,N#CN1C=CCC1
CCCc1nnccc1Cl,CCCc1nnccc1Cl
CCC(=N)C(Cl)=NC,CCC(=N)C(Cl)=NC
CN1C=CNC1CCl,CN1C=CNC1CCl
C=C(Cl)c1ncc[nH]1,C=C(Cl)c1ncc[nH]1
CCC=Cc1nc[nH]c1Cl,CCC=Cc1nc[nH]c1Cl
CCl.[C-]#[N+]CC(C)=N,CCl.[C-]#[N+]CC(C)=N
C=C1CN=CNC(Cl)=C1C,C=C1CN=CNC(Cl)=C1C
CN1CN=C(CCl)C1,CN1CN=C(CCl)C1
CNNc1ccccc1Cl,CNNc1ccccc1Cl
Cn1ccc(C(F)Cl)n1,Cn1ccc(C(F)Cl)n1
CC1=NCCC(Cl)N1,CC1=NCCC(Cl)N1
CCN=C(Cl)C=NC,CCN=C(Cl)C=NC
C=C1CNC(C#N)C(Cl)C1,C=C1CNC(C#N)C(Cl)C1
C=Cc1[nH]ncc1Cl,C=Cc1[nH]ncc1Cl
C=C=C1N=CC=N1,C=C=C1N=CC=N1
CC1=CC(Cl)N=C(Cl)N1,CC1=CC(Cl)N=C(Cl)N1
C=C1C=NC(C)=N1,C=C1C=NC(C)=N1
C1=C=CN=NCC=1,C1=C=CN=NCC=1
C1=CC=NC=NC=1,C1=CC=NC=NC=1
CC1CCC(Cl)N=N1,CC1CCC(Cl)N=N1
C=C1CNC(Cl)C(C#N)C1,C=C1CNC(Cl)C(C#N)C1
N#CC1=CCC1N,N#CC1=CCC1N
CN(C)c1ccncc1Cl,CN(C)c1ccncc1Cl
Nc1cncc(CCl)n1,Nc1cncc(CCl)n1
Nc1cccc(C(N)Cl)c1,Nc1cccc(C(N)Cl)c1
CNc1cnccc1Cl,CNc1cnccc1Cl
CC1=NCC=C(Cl)C=N1,CC1=NCC=C(Cl)C=N1
NN(Cl)c1ccncc1,NN(Cl)c1ccncc1
CCc1cnc(Cl)cc1N,CCc1cnc(Cl)cc1N
NC1N=CC(Cl)=CC1Br,NC1N=CC(Cl)=CC1Br
Nc1cc(CCCl)ccn1,Nc1cc(CCCl)ccn1
Cl.N#CC1CC(N)C1,Cl.N#CC1CC(N)C1
Cc1ccnnc1Cl.Cl,Cc1ccnnc1Cl.Cl
N#CN(/N=C/Cl)C1CC1,N#CN(/N=C/Cl)C1CC1
BrCc1cnccn1.Cl,BrCc1cnccn1.Cl
Cl.Nc1ccnc(Br)c1,Cl.Nc1ccnc(Br)c1
CCN1C=CN(Cl)C1,CCN1C=CN(Cl)C1
C[C@H](N)c1cncc(Cl)c1,C[C@H](N)c1cncc(Cl)c1
Nc1ccc(CCl)c(N)c1,Nc1ccc(CCl)c(N)c1
CCn1ccnc1.Cl,CCn1ccnc1.Cl
CCc1cnnc(Cl)c1,CCc1cnnc(Cl)c1
Cc1ncncc1CCl,Cc1ncncc1CCl
Cl.Nc1cnccc1Br,Cl.Nc1cnccc1Br
C1=CC2=N[C@@H]2N=C1,C1=CC2=N[C@@H]2N=C1
C1=CC2=N[C@H]2N=C1,C1=CC2=N[C@H]2N=C1
[N]/C=C/C=C/C#N,[N]/C=C/C=C/C#N
NCc1cc(CCl)ccn1,NCc1cc(CCl)ccn1
NCc1ccc(CCl)cn1,NCc1ccc(CCl)cn1
NCc1ncccc1CCl,NCc1ncccc1CCl
CC(Cl)c1ccncc1N,CC(Cl)c1ccncc1N
C1=CC2=NCSC2=[NH+]1.[Cl-],C1=CC2=NCSC2=[NH+]1.[Cl-]
Cc1cc(Cl)cnn1.Cl,Cc1cc(Cl)cnn1.Cl
C[NH+]1C=CC=NC1.[Cl-],C[NH+]1C=CC=NC1.[Cl-]
N/N=C/c1cc(Cl)cs1,N/N=C/c1cc(Cl)cs1
N/C(=N/Cl)c1cccs1,N/C(=N/Cl)c1cccs1
N/N=C/c1cscc1Cl,N/N=C/c1cscc1Cl
Cn1cncc1/C=C/CCl,Cn1cncc1/C=C/CCl
CN1C=CC(Cl)=C/C1=C/N,CN1C=CC(Cl)=C/C1=C/N
Cc1ccccc1N=N.Cl,Cc1ccccc1N=N.Cl
Nc1cc[nH+]c(Cl)c1.[Br-],Nc1cc[nH+]c(Cl)c1.[Br-]
CNC/C=C/C#N.Cl,CNC/C=C/C#N.Cl
CN=C/C(Cl)=C(\C)C#N,CN=C/C(Cl)=C(\C)C#N
C=C1N=C(C)C(N)=C1Cl,C=C1N=C(C)C(N)=C1Cl
NC1C=C(Cl)N=C(Cl)C1,NC1C=C(Cl)N=C(Cl)C1
ClCC1=C(Cl)N=CCN1,ClCC1=C(Cl)N=CCN1
C/C(Cl)=C\CN=CN,C/C(Cl)=C\CN=CN
CC(C)C(Cl)C(C#N)C#N,CC(C)C(Cl)C(C#N)C#N
C=CN(C)/C=C(\N)Cl,C=CN(C)/C=C(\N)Cl
CN=C(N)/C=C(\C)Cl,CN=C(N)/C=C(\C)Cl
C/C(N)=C1\C=CC=C(Cl)N1,C/C(N)=C1\C=CC=C(Cl)N1
N=C/C(Cl)=C\n1cc[nH]1,N=C/C(Cl)=C\n1cc[nH]1
C=CN=C(Cl)N(C)C#N,C=CN=C(Cl)N(C)C#N
Cn1cc(Cl)ccc1=N,Cn1cc(Cl)ccc1=N
Cc1ncc(Cl)cn1.Cl,Cc1ncc(Cl)cn1.Cl
CC1(Cl)N=C(N)C=C1Cl,CC1(Cl)N=C(N)C=C1Cl
Cn1nc(CBr)cc1Cl,Cn1nc(CBr)cc1Cl
Cn1cc(/C=C/CCl)cn1,Cn1cc(/C=C/CCl)cn1
ClCc1cn(C2CC2)cn1,ClCc1cn(C2CC2)cn1
ClCc1nc2c([nH]1)CCC2,ClCc1nc2c([nH]1)CCC2
Cn1nccc1/C=C/CCl,Cn1nccc1/C=C/CCl
S=c1ccnc(CCl)[nH]1,S=c1ccnc(CCl)[nH]1
CNc1ncccc1CCl,CNc1ncccc1CCl
Clc1cnn2c1CCC2,Clc1cnn2c1CCC2
Clc1cnn2c1CCCC2,Clc1cnn2c1CCCC2
Cc1nn(C)c(Cl)c1F,Cc1nn(C)c(Cl)c1F
ClCc1cc2n(n1)CCC2,ClCc1cc2n(n1)CCC2
C=CCn1cnc(Cl)c1,C=CCn1cnc(Cl)c1
ClC1=CC=C(CBr)NN1,ClC1=CC=C(CBr)NN1
C[C@H](N)c1ccc(Cl)cn1,C[C@H](N)c1ccc(Cl)cn1
CCc1cc(Cl)cc(N)n1,CCc1cc(Cl)cc(N)n1
C=C[N+]1=CNCC1.[Cl-],C=C[N+]1=CNCC1.[Cl-]
C=Cn1ccnc1CCl,C=Cn1ccnc1CCl
ClCCc1ncncn1,ClCCc1ncncn1
Cc1[nH]c(Cl)nc1C1CC1,Cc1[nH]c(Cl)nc1C1CC1
C=CCn1ncc(C)c1Cl,C=CCn1ncc(C)c1Cl
C=CN1CCNC1Cl,C=CN1CCNC1Cl
Cl.N#Cc1ccc[nH]1,Cl.N#Cc1ccc[nH]1
C=C[NH+]1C=NCC1.[Cl-],C=C[NH+]1C=NCC1.[Cl-]
CN1CC(Cl)=NC=C1Cl,CN1CC(Cl)=NC=C1Cl
CN1C=C(Cl)N=CC1Cl,CN1C=C(Cl)N=CC1Cl
ClCCc1ccnnn1,ClCCc1ccnnn1
NCc1cccc(N)c1Cl,NCc1cccc(N)c1Cl
CC=C1C=NC=N1,CC=C1C=NC=N1
Cc1cc(N)nc(CCl)c1,Cc1cc(N)nc(CCl)c1
CC1(Cl)N=CC=C(Cl)N1,CC1(Cl)N=CC=C(Cl)N1
C=CC1=NCCN1.Cl,C=CC1=NCCN1.Cl
NC1(Cl)C=CC=C(Cl)N1,NC1(Cl)C=CC=C(Cl)N1
Cl.N#C[C@H](N)C1CC1,Cl.N#C[C@H](N)C1CC1
CNCc1cnccc1Cl,CNCc1cnccc1Cl
C=Cc1nc(C)[nH]c1Cl,C=Cc1nc(C)[nH]c1Cl
C=Cc1nc(CC)[nH]c1Cl,C=Cc1nc(CC)[nH]c1Cl
NC(Cl)c1cccnc1,NC(Cl)c1cccnc1
N#CC1CC=CN1,N#CC1CC=CN1
C=CCc1[nH]nc(Cl)c1C,C=CCc1[nH]nc(Cl)c1C
CN1CC(Cl)=CN=C1Cl,CN1CC(Cl)=CN=C1Cl
CN1C=C(Cl)C=NC1Cl,CN1C=C(Cl)C=NC1Cl
ClCc1nccc[nH+]1.[F-],ClCc1nccc[nH+]1.[F-]
CCc1[nH]nc(Cl)c1Br,CCc1[nH]nc(Cl)c1Br
CN1C=CC=CN1.Cl,CN1C=CC=CN1.Cl
CN1C=CN=CC1.Cl,CN1C=CN=CC1.Cl
CNc1cc(Cl)cnc1C,CNc1cc(Cl)cnc1C
CCCl.c1c[nH]cn1,CCCl.c1c[nH]cn1
C=CC(Cl)c1cncn1C,C=CC(Cl)c1cncn1C
C=CC(Cl)c1cn(C)cn1,C=CC(Cl)c1cn(C)cn1
CCc1ccnc(N)c1Cl,CCc1ccnc(N)c1Cl
NC1C(Cl)=CN=CC1Cl,NC1C(Cl)=CN=CC1Cl
C=Cc1ncc(Cl)[nH]1,C=Cc1ncc(Cl)[nH]1
ClC1NNC2=CC=CCC21,ClC1NNC2=CC=CCC21
ClCCN1C=NCC1,ClCCN1C=NCC1
N.[Cl-].c1cc[nH+]cc1,N.[Cl-].c1cc[nH+]cc1
C=CCc1n[nH]nc1Cl,C=CCc1n[nH]nc1Cl
C=c1cnc(=C)[nH]1,C=c1cnc(=C)[nH]1
ClCC(Br)n1cccn1,ClCC(Br)n1cccn1
C=CCC1=C(Cl)C=NCN1,C=CCC1=C(Cl)C=NCN1
NCCc1cc(Cl)ccn1,NCCc1cc(Cl)ccn1
C=CCc1snnc1Cl,C=CCc1snnc1Cl
C=CCc1nnsc1Cl,C=CCc1nnsc1Cl
C=CC(Cl)c1csnn1,C=CC(Cl)c1csnn1
C=CC(Cl)n1ccnn1,C=CC(Cl)n1ccnn1
Cl.N.c1ccncc1,Cl.N.c1ccncc1
N#CC1(Cl)C2CNCC21,N#CC1(Cl)C2CNCC21
Cc1c(Cl)c(Br)nn1C,Cc1c(Cl)c(Br)nn1C
CCNc1ncccc1Cl,CCNc1ncccc1Cl
Nc1cnccc1CCl,Nc1cnccc1CCl
Nc1ccncc1CCl,Nc1ccncc1CCl
Nc1cccnc1CCl,Nc1cccnc1CCl
Clc1nc2c([nH]1)CCC2,Clc1nc2c([nH]1)CCC2
Clc1nc2c([nH]1)CCCC2,Clc1nc2c([nH]1)CCCC2
Cc1cc(Cl)c(N)cn1,Cc1cc(Cl)c(N)cn1
CCNc1cc(Cl)ccn1,CCNc1cc(Cl)ccn1
CCc1ncc(CCl)cn1,CCc1ncc(CCl)cn1
Cc1ncncc1C(C)Cl,Cc1ncncc1C(C)Cl
NCc1ccc(N)cc1Cl,NCc1ccc(N)cc1Cl
ClCc1cnc(C2CC2)[nH]1,ClCc1cnc(C2CC2)[nH]1
NCCc1ccc(Cl)cn1,NCCc1ccc(Cl)cn1
CC(Cl)Cc1cccnn1,CC(Cl)Cc1cccnn1
CC(Cl)Cc1ncccn1,CC(Cl)Cc1ncccn1
Clc1nncn1C1CC1,Clc1nncn1C1CC1
Clc1nnc(C2CC2)s1,Clc1nnc(C2CC2)s1
CCc1ncnc(Cl)c1C,CCc1ncnc(Cl)c1C
C=C(Cl)Cn1cccn1,C=C(Cl)Cn1cccn1
C=C(Cl)Cn1cncn1,C=C(Cl)Cn1cncn1
Cc1nccn1C/C=C/Cl,Cc1nccn1C/C=C/Cl
C=C(Cl)Cn1ccnc1,C=C(Cl)Cn1ccnc1
C=C(Cl)Cn1ccnc1C,C=C(Cl)Cn1ccnc1C
C#CCCNC#N,C#CCCNC#N
CNCc1ccc(Cl)cn1,CNCc1ccc(Cl)cn1
Cc1ccnn1C/C=C/Cl,Cc1ccnn1C/C=C/Cl
C=C(Cl)Cn1nccc1C,C=C(Cl)Cn1nccc1C
Cc1ccn(C/C=C/Cl)n1,Cc1ccn(C/C=C/Cl)n1
C=C(Cl)Cn1ccc(C)n1,C=C(Cl)Cn1ccc(C)n1
ClCCCc1cncnc1,ClCCCc1cncnc1
ClCCCc1cnccn1,ClCCCc1cnccn1
ClC/C=C/Cn1ccnc1,ClC/C=C/Cn1ccnc1
C/C(=C/Cl)Cn1cccn1,C/C(=C/Cl)Cn1cccn1
C/C(=C/Cl)Cn1ccnc1,C/C(=C/Cl)Cn1ccnc1
Cc1cc(Cl)n[nH]c1=S,Cc1cc(Cl)n[nH]c1=S
Cl/C=C/CNn1cccc1,Cl/C=C/CNn1cccc1
Nc1c[nH]c(=S)c(Cl)c1,Nc1c[nH]c(=S)c(Cl)c1
CNc1ccc(Cl)nc1C,CNc1ccc(Cl)nc1C
Cc1ncncc1[C@@H](C)Cl,Cc1ncncc1[C@@H](C)Cl
Cc1ncncc1[C@H](C)Cl,Cc1ncncc1[C@H](C)Cl
N#CC1=NC=CC1,N#CC1=NC=CC1
C[C@H](N)c1cccc(Cl)n1,C[C@H](N)c1cccc(Cl)n1
C[C@H](N)c1cccnc1Cl,C[C@H](N)c1cccnc1Cl
C[C@H](N)c1cnccc1Cl,C[C@H](N)c1cnccc1Cl
C=CCn1nccc1Cl,C=CCn1nccc1Cl
FCCn1cc(Cl)cn1,FCCn1cc(Cl)cn1
CCc1ccc(Cl)c(N)n1,CCc1ccc(Cl)c(N)n1
CCc1nc(N)ccc1Cl,CCc1nc(N)ccc1Cl
CC1=C[C@H](Cl)N=N[C@@H]1Cl,CC1=C[C@H](Cl)N=N[C@@H]1Cl
CC1=C[C@@H](Cl)N=N[C@@H]1Cl,CC1=C[C@@H](Cl)N=N[C@@H]1Cl
CC1=C[C@H](Cl)N=N[C@H]1Cl,CC1=C[C@H](Cl)N=N[C@H]1Cl
CC1=C[C@@H](Cl)N=N[C@H]1Cl,CC1=C[C@@H](Cl)N=N[C@H]1Cl
ClCc1cn2c(n1)CCC2,ClCc1cn2c(n1)CCC2
Cc1ccnc(Cl)n1,Cc1ccnc(Cl)n1
Cc1cnc(Cl)c(C)n1,Cc1cnc(Cl)c(C)n1
CN=C/C=C\C#N,CN=C/C=C\C#N
CCc1nccc(N)c1Cl,CCc1nccc(N)c1Cl
C=CCc1nsnc1Cl,C=CCc1nsnc1Cl
Cn1nc(CCl)cc1Cl,Cn1nc(CCl)cc1Cl
CN(C)c1cc(Cl)ccn1,CN(C)c1cc(Cl)ccn1
CNc1cc(Cl)ccc1N,CNc1cc(Cl)ccc1N
Cc1cc(C)[nH]n1.Cl,Cc1cc(C)[nH]n1.Cl
Cl.N#Cc1sccc1N,Cl.N#Cc1sccc1N
Cc1ccc(Cl)c(N)n1,Cc1ccc(Cl)c(N)n1
Cc1nc(N)ccc1Cl,Cc1nc(N)ccc1Cl
Cc1cc(C)c(Cl)c(N)n1,Cc1cc(C)c(Cl)c(N)n1
Cc1cc(N)nc(C)c1Cl,Cc1cc(N)nc(C)c1Cl
Cc1cnc(N)c(Cl)c1,Cc1cnc(N)c(Cl)c1
Nc1ccc(Cl)c(N)n1,Nc1ccc(Cl)c(N)n1
CCNc1cccnc1Cl,CCNc1cccnc1Cl
Cc1cc(N)cnc1Cl,Cc1cc(N)cnc1Cl
C1=CN=CNC=C1,C1=CN=CNC=C1
C1=CNC=CN=C1,C1=CNC=CN=C1
Cc1nc(C)c(Cl)c(C)n1,Cc1nc(C)c(Cl)c(C)n1
Cc1nnc(C)c(Cl)c1C,Cc1nnc(C)c(Cl)c1C
Cc1cc(N)nnc1Cl,Cc1cc(N)nnc1Cl
Cc1cc(Cl)nnc1N,Cc1cc(Cl)nnc1N
CNc1nccc(Cl)n1,CNc1nccc(Cl)n1
Nc1cccc(N)c1Cl,Nc1cccc(N)c1Cl
Cc1cc(N)c(Cl)c(N)c1,Cc1cc(N)c(Cl)c(N)c1
NCc1ccc(Cl)cc1N,NCc1ccc(Cl)cc1N
CN(C)CC(Cl)C#N,CN(C)CC(Cl)C#N
CN(C)C(C#N)CCl,CN(C)C(C#N)CCl
ClC=C1C2CCC1N=N2,ClC=C1C2CCC1N=N2
Cc1ccnnc1Cl,Cc1ccnnc1Cl
Cc1cc(Cl)c(C)nn1,Cc1cc(Cl)c(C)nn1
CC(C)c1nccc(Cl)n1,CC(C)c1nccc(Cl)n1
Cc1ncc(C)c(Cl)n1,Cc1ncc(C)c(Cl)n1
CCc1nc(C)cc(Cl)n1,CCc1nc(C)cc(Cl)n1
Cc1nc(Cl)nc(C)c1C,Cc1nc(Cl)nc(C)c1C
Cc1cnc(Cl)nc1C,Cc1cnc(Cl)nc1C
C1=NC=CC=CN=1,C1=NC=CC=CN=1
Clc1cncnc1,Clc1cncnc1
Cc1ncncc1Cl,Cc1ncncc1Cl
Cc1cnc(Cl)cn1,Cc1cnc(Cl)cn1
Cc1ncc(Cl)c(C)n1,Cc1ncc(Cl)c(C)n1
Cc1ncnc(C)c1Cl,Cc1ncnc(C)c1Cl
Cc1ncnc(Cl)c1C,Cc1ncnc(Cl)c1C
Cc1ncc(Cl)nc1C,Cc1ncc(Cl)nc1C
Cc1nc(C)c(C)c(Cl)n1,Cc1nc(C)c(C)c(Cl)n1
Cc1nc(C)c(Cl)nc1C,Cc1nc(C)c(Cl)nc1C
N#CCCNCCCl,N#CCCNCCCl
Cc1c(N)ccnc1Cl,Cc1c(N)ccnc1Cl
Cc1cnc(Cl)cc1N,Cc1cnc(Cl)cc1N
Cc1cc(N)cc(Cl)n1,Cc1cc(N)cc(Cl)n1
Cc1cc(C)nc(CCl)n1,Cc1cc(C)nc(CCl)n1
CNc1cccc(Cl)c1N,CNc1cccc(Cl)c1N
CNc1c(N)cccc1Cl,CNc1c(N)cccc1Cl
CC(Cl)C1=NCCN1,CC(Cl)C1=NCCN1
CN/C=C/C(Cl)=C\C#N,CN/C=C/C(Cl)=C\C#N
Cc1nn(C)c(Cl)c1Cl,Cc1nn(C)c(Cl)c1Cl
Cn1ncc(Cl)c1CBr,Cn1ncc(Cl)c1CBr
CCCc1nccnc1Cl,CCCc1nccnc1Cl
CCCc1cnc(Cl)cn1,CCCc1cnc(Cl)cn1
CCCc1cncc(Cl)n1,CCCc1cncc(Cl)n1
Cc1nccnc1CCl,Cc1nccnc1CCl
ClCc1ncccn1,ClCc1ncccn1
Cc1ccnc(CCl)n1,Cc1ccnc(CCl)n1
Cc1cccc(NN)c1Cl,Cc1cccc(NN)c1Cl
CC(C#N)CC#N,CC(C#N)CC#N
Cc1cc(N)c(Cl)c(C)n1,Cc1cc(N)c(Cl)c(C)n1
N#CC1=C(Cl)CCNCC1,N#CC1=C(Cl)CCNCC1
ClCc1ccncn1,ClCc1ccncn1
Cc1cc(CCl)ncn1,Cc1cc(CCl)ncn1
Cc1cncnc1Cl,Cc1cncnc1Cl
CC12CCCN1N2Cl,CC12CCCN1N2Cl
CCc1cc(Cl)nc(C)n1,CCc1cc(Cl)nc(C)n1
Cc1cc(CCl)nc(C)n1,Cc1cc(CCl)nc(C)n1
N#CC12CC1(Cl)C2,N#CC12CC1(Cl)C2
CC(Cl)c1ccnnc1,CC(Cl)c1ccnnc1
ClCc1ccnnc1,ClCc1ccnnc1
Cc1cnc(CCl)cn1,Cc1cnc(CCl)cn1
Cc1cncc(CCl)n1,Cc1cncc(CCl)n1
Cc1nccc(CCl)n1,Cc1nccc(CCl)n1
Cc1nccc(N)c1Cl,Cc1nccc(N)c1Cl
Cc1cncc(Cl)c1N,Cc1cncc(Cl)c1N
Cc1cc(N)c(Cl)cn1,Cc1cc(N)c(Cl)cn1
NCc1ccc(Cl)c(N)c1,NCc1ccc(Cl)c(N)c1
NCc1cc(N)cc(Cl)c1,NCc1cc(N)cc(Cl)c1
CN(N)c1cccc(Cl)c1,CN(N)c1cccc(Cl)c1
C#Cn1cccn1,C#Cn1cccn1
NNc1ccc(Cl)cn1,NNc1ccc(Cl)cn1
N#CC1C=C(Cl)C1,N#CC1C=C(Cl)C1
NCc1c(N)cccc1Cl,NCc1c(N)cccc1Cl
Cc1nnnc(C)c1Cl,Cc1nnnc(C)c1Cl
CCCc1ccnc(Cl)n1,CCCc1ccnc(Cl)n1
CC1(Cl)C=CNC(Cl)=N1,CC1(Cl)C=CNC(Cl)=N1
CNc1ccnc(Cl)n1,CNc1ccnc(Cl)n1
[N-]=[N+]=C1C=CCC1,[N-]=[N+]=C1C=CCC1
ClC1CCn2ccnc21,ClC1CCn2ccnc21
CC1N=C1C1=NC1,CC1N=C1C1=NC1
C[C@H]1N=C1C1=NC1,C[C@H]1N=C1C1=NC1
NNc1cccnc1Cl,NNc1cccnc1Cl
C#Cc1cn[nH]c1,C#Cc1cn[nH]c1
C=C/C(C#N)=C/Cl,C=C/C(C#N)=C/Cl
CC(C)(C)C1(Cl)N=N1,CC(C)(C)C1(Cl)N=N1
CN(C)c1cccnc1Cl,CN(C)c1cccnc1Cl
CN(C)c1ccc(Cl)nc1,CN(C)c1ccc(Cl)nc1
CN(C)c1cnccc1Cl,CN(C)c1cnccc1Cl
N#CCNCCCCl,N#CCNCCCCl
C#CCNCC#N,C#CCNCC#N
Cc1nc(N)ncc1Cl,Cc1nc(N)ncc1Cl
Cl[C@@H]1[C@H](Cl)[C@@H]2CN=N[C@H]12,Cl[C@@H]1[C@H](Cl)[C@@H]2CN=N[C@H]12
Cl[C@@H]1[C@H](Cl)[C@H]2N=NC[C@@H]12,Cl[C@@H]1[C@H](Cl)[C@H]2N=NC[C@@H]12
ClC1C(Cl)C2N=NCC12,ClC1C(Cl)C2N=NCC12
ClCc1cccnn1,ClCc1cccnn1
C=CCC1C=CNC(Cl)=N1,C=CCC1C=CNC(Cl)=N1
ClC/C=C/Cn1cccn1,ClC/C=C/Cn1cccn1
Nc1cc(Cl)c[nH]c1=S,Nc1cc(Cl)c[nH]c1=S
Cc1cc(C)c(Cl)nn1,Cc1cc(C)c(Cl)nn1
CN(N)c1ccccc1Cl,CN(N)c1ccccc1Cl
CC[n+]1cc[nH]c1.[Cl-],CC[n+]1cc[nH]c1.[Cl-]
N/C(=N\Cl)c1cccs1,N/C(=N\Cl)c1cccs1
Cc1cnc(CCl)nc1,Cc1cnc(CCl)nc1
Cc1ncc(CCl)cn1,Cc1ncc(CCl)cn1
CC(C)(Cl)C(N)C#N,CC(C)(Cl)C(N)C#N
C=CC1=CN=NC1,C=CC1=CN=NC1
ClCc1cncnc1,ClCc1cncnc1
CCc1cc(C)nnc1Cl,CCc1cc(C)nnc1Cl
CCc1cc(Cl)nnc1C,CCc1cc(Cl)nnc1C
C=C(C#N)CC#N,C=C(C#N)CC#N
Cc1cnc(Cl)c(N)n1,Cc1cnc(Cl)c(N)n1
Cc1cnc(N)c(Cl)n1,Cc1cnc(N)c(Cl)n1
CNc1cccnc1Cl,CNc1cccnc1Cl
CN=C/C=C/C#N,CN=C/C=C/C#N
CNc1ccc(Cl)nc1,CNc1ccc(Cl)nc1
Cc1cc(NN)ccc1Cl,Cc1cc(NN)ccc1Cl
Cc1nc[nH]c1C.Cl,Cc1nc[nH]c1C.Cl
C=CN(C#N)C=C,C=CN(C#N)C=C
CCc1ccc(N)c(Cl)n1,CCc1ccc(N)c(Cl)n1
Cc1[nH]nc(CCl)c1Cl,Cc1[nH]nc(CCl)c1Cl
CC(N)c1ccc(Cl)nc1,CC(N)c1ccc(Cl)nc1
Cl/C=C/Cn1ccnc1,Cl/C=C/Cn1ccnc1
CCc1ccnc(Cl)n1,CCc1ccnc(Cl)n1
[Cl-].[NH2+]=Nc1ccccc1,[Cl-].[NH2+]=Nc1ccccc1
C/C(C#N)=C\C#N,C/C(C#N)=C\C#N
CN(CC#N)CCCl,CN(CC#N)CCCl
Cc1ccc(Br)[nH+]n1.[Cl-],Cc1ccc(Br)[nH+]n1.[Cl-]
Cc1ccc(Cl)[nH+]n1.[Cl-],Cc1ccc(Cl)[nH+]n1.[Cl-]
CC(C#N)C(C#N)CCl,CC(C#N)C(C#N)CCl
ClC1=CC=CNN=C1,ClC1=CC=CNN=C1
N=C=C1C=CN=C1,N=C=C1C=CN=C1
C=C(C)NC(Cl)=NC,C=C(C)NC(Cl)=NC
S=c1ncc(CCl)c[nH]1,S=c1ncc(CCl)c[nH]1
NC1=CC(Cl)NC(Cl)=C1,NC1=CC(Cl)NC(Cl)=C1
Cn1cc(CCl)c(Cl)n1,Cn1cc(CCl)c(Cl)n1
CC1=CC=C(Cl)N=NC1,CC1=CC=C(Cl)N=NC1
Cc1c(N)cnnc1Cl,Cc1c(N)cnnc1Cl
C=NC(Cl)=NCCC,C=NC(Cl)=NCCC
C[C@@H]1CC(C#N)=C(Cl)CN1,C[C@@H]1CC(C#N)=C(Cl)CN1
CC1CC(C#N)C(Cl)=CN1,CC1CC(C#N)C(Cl)=CN1
C=C/C(Cl)=N\N=C(/C)Cl,C=C/C(Cl)=N\N=C(/C)Cl
ClCC1=CC=C(Cl)NN1,ClCC1=CC=C(Cl)NN1
ClC1C[C@H]2CC2(Cl)N=N1,ClC1C[C@H]2CC2(Cl)N=N1
C=N/C(Cl)=C\C=C(/N)Cl,C=N/C(Cl)=C\C=C(/N)Cl
CC/C=C(/Cl)C(=N)N,CC/C=C(/Cl)C(=N)N
NC1=NCC(Cl)C=C1Br,NC1=NCC(Cl)C=C1Br
N#CC12CC(NCl)(C1)C2,N#CC12CC(NCl)(C1)C2
C/C=C/c1cn(C)nc1Cl,C/C=C/c1cn(C)nc1Cl
C/C=C/c1cc(Cl)n(C)n1,C/C=C/c1cc(Cl)n(C)n1
C/C=C/c1cnn(C)c1Cl,C/C=C/c1cnn(C)c1Cl
C/C=C/c1nn(C)cc1Cl,C/C=C/c1nn(C)cc1Cl
C=NNCC(=C)CCl,C=NNCC(=C)CCl
CCC(Cl)=NC=NC,CCC(Cl)=NC=NC
CN1NC=CC1(C)Cl,CN1NC=CC1(C)Cl
C=C/C(C#N)=C\N,C=C/C(C#N)=C\N
CCCc1cnnc(Cl)c1,CCCc1cnnc(Cl)c1
C[C@H]1NC[C@@H]1C#N.Cl,C[C@H]1NC[C@@H]1C#N.Cl
C#CC(=C)/C=N\N(Cl)CC,C#CC(=C)/C=N\N(Cl)CC
CNC(Cl)C(C)C#N,CNC(Cl)C(C)C#N
N=C1C=CC(N)C=C1Cl,N=C1C=CC(N)C=C1Cl
C/C=C(Cl)\N=C(/C)N,C/C=C(Cl)\N=C(/C)N
N/C=C\C=C(\Cl)[C@@H]1C=C1N,N/C=C\C=C(\Cl)[C@@H]1C=C1N
Cl.NC1=NCC2CC12,Cl.NC1=NCC2CC12
N/C=C\C=C(/N)CCl,N/C=C\C=C(/N)CCl
Cl.Nc1ccc(Cl)cn1,Cl.Nc1ccc(Cl)cn1
Cc1nncc(CCl)c1C,Cc1nncc(CCl)c1C
Cc1nccnc1Cl.Cl,Cc1nccnc1Cl.Cl
Cc1cnc(Cl)cn1.Cl,Cc1cnc(Cl)cn1.Cl
Cc1cncc(Cl)n1.Cl,Cc1cncc(Cl)n1.Cl
CCNc1cncc(Cl)c1,CCNc1cncc(Cl)c1
CCc1ncc(Cl)c(C)n1,CCc1ncc(Cl)c(C)n1
CN=C/C=C(\N)CCl,CN=C/C=C(\N)CCl
Cl.Nc1cncc(Br)c1,Cl.Nc1cncc(Br)c1
Cl.Cn1cnc(C#N)c1,Cl.Cn1cnc(C#N)c1
C[C@@H]1NC[C@@H]1C#N.Cl,C[C@@H]1NC[C@@H]1C#N.Cl
Cn1cc(C(Cl)Cl)cn1,Cn1cc(C(Cl)Cl)cn1
Cn1cncc1C(Cl)Cl,Cn1cncc1C(Cl)Cl
Cn1cnc(C(Cl)Cl)c1,Cn1cnc(C(Cl)Cl)c1
C=Cc1[nH]cc[n+]1C=C.[Cl-],C=Cc1[nH]cc[n+]1C=C.[Cl-]
CCc1ncccc1NCl,CCc1ncccc1NCl
CN=C(Cl)/C=C(\N)C#N,CN=C(Cl)/C=C(\N)C#N
CC1(C)C=NC=C(Cl)N=C1,CC1(C)C=NC=C(Cl)N=C1
NC(NCl)c1ccccc1,NC(NCl)c1ccccc1
CCC=C(N)C#N.Cl,CCC=C(N)C#N.Cl
Clc1cncn1C1CC1,Clc1cncn1C1CC1
Cc1ncn(C2CC2)c1Cl,Cc1ncn(C2CC2)c1Cl
C=c1cn[nH]/c1=C(/C)Cl,C=c1cn[nH]/c1=C(/C)Cl
C=c1cn[nH]/c1=C\Cl,C=c1cn[nH]/c1=C\Cl
Nc1cc(Cl)[nH]c(=S)c1,Nc1cc(Cl)[nH]c(=S)c1
Cc1nccnc1C(C)Cl,Cc1nccnc1C(C)Cl
Cl[C@H]1CCc2[nH]ncc2C1,Cl[C@H]1CCc2[nH]ncc2C1
Cl[C@@H]1CCc2[nH]ncc2C1,Cl[C@@H]1CCc2[nH]ncc2C1
C1=NN=C2CC2C1,C1=NN=C2CC2C1
Cl.N#CN1C=CC=CC1,Cl.N#CN1C=CC=CC1
C1=C2CC2CN=N1,C1=C2CC2CN=N1
C1=CC2NN=CC12,C1=CC2NN=CC12
ClC1N=NC2C=CC12,ClC1N=NC2C=CC12
C1=CC2NC=NC12,C1=CC2NC=NC12
C1=CC2C=CN2N1,C1=CC2C=CN2N1
Cc1cnncc1Cl,Cc1cnncc1Cl
CC=CC=C=[N+]=[N-],CC=CC=C=[N+]=[N-]
CC=CC(=N)C#N,CC=CC(=N)C#N
CC(C)(C)N1N=C1Cl,CC(C)(C)N1N=C1Cl
C[N+]1(C)C=CC=N1.[Cl-],C[N+]1(C)C=CC=N1.[Cl-]
C=Cc1cc(Cl)[nH]n1,C=Cc1cc(Cl)[nH]n1
C=C(C)c1cc(Cl)[nH]n1,C=C(C)c1cc(Cl)[nH]n1
C/C=C/N=C=C=N,C/C=C/N=C=C=N
[Cl-].c1cc[n+]2c(c1)NCC2,[Cl-].c1cc[n+]2c(c1)NCC2
C1=C=NCCN=C=1,C1=C=NCCN=C=1
C1=C=NCC=CN=1,C1=C=NCC=CN=1
SNc1ccc(Cl)cn1,SNc1ccc(Cl)cn1
C#CC(C#C)=NN,C#CC(C#C)=NN
ClCCC1=NNCC1,ClCCC1=NNCC1
C=C1CC1=C1N=N1,C=C1CC1=C1N=N1
C1=CC12CCN=N2,C1=CC12CCN=N2
CC(C#N)C=C=N,CC(C#N)C=C=N
C#CN1C=NCC1,C#CN1C=NCC1
C#CC1=NNCC1,C#CC1=NNCC1
C#CN1CC=CN1,C#CN1CC=CN1
CN(Cl)Cc1ccccn1,CN(Cl)Cc1ccccn1
Nc1cc[nH+]c(Cl)c1.[Cl-],Nc1cc[nH+]c(Cl)c1.[Cl-]
C1=NCC2CC2=N1,C1=NCC2CC2=N1
C1=CNC2CC2=N1,C1=CNC2CC2=N1
C#CC=C(N)C#N,C#CC=C(N)C#N
N#CC=CC#CN,N#CC=CC#CN
ClC/C=C\Cn1cccn1,ClC/C=C\Cn1cccn1
C1=C\C=C/N=N\C=C/1.Cl,C1=C\C=C/N=N\C=C/1.Cl
C#CC1C=CNN1,C#CC1C=CNN1
CC1=C(Cl)N=NC(Cl)C1,CC1=C(Cl)N=NC(Cl)C1
CNc1ccc(Cl)c(C)n1,CNc1ccc(Cl)c(C)n1
CNc1c(C)cncc1Cl,CNc1c(C)cncc1Cl
Nc1cncc(CCl)c1,Nc1cncc(CCl)c1
CNc1nc(C)ccc1Cl,CNc1nc(C)ccc1Cl
CNc1ccc(C)c(Cl)n1,CNc1ccc(C)c(Cl)n1
Cc1c(CCl)ccnc1N,Cc1c(CCl)ccnc1N
CCc1cc(Cl)ncc1N,CCc1cc(Cl)ncc1N
Cc1cnc(N)cc1CCl,Cc1cnc(N)cc1CCl
Cc1nccc(CCl)c1N,Cc1nccc(CCl)c1N
CNc1ncc(C)cc1Cl,CNc1ncc(C)cc1Cl
N#CCCC(Cl)C#N,N#CCCC(Cl)C#N
CC(Cl)CN(C)C#N,CC(Cl)CN(C)C#N
Cc1[nH]nc(CBr)c1Cl,Cc1[nH]nc(CBr)c1Cl
CCc1c(N)ccnc1Cl,CCc1c(N)ccnc1Cl
ClCCc1[nH]cnc1Br,ClCCc1[nH]cnc1Br
C=CC(N)c1ccc(Cl)[nH]1,C=CC(N)c1ccc(Cl)[nH]1
C=CC(N)c1cc(Cl)c[nH]1,C=CC(N)c1cc(Cl)c[nH]1
C=CC(N)c1[nH]ccc1Cl,C=CC(N)c1[nH]ccc1Cl
C=CC(N)c1c[nH]cc1Cl,C=CC(N)c1c[nH]cc1Cl
Nc1c[nH]c(Cl)cc1=S,Nc1c[nH]c(Cl)cc1=S
ClNCc1cccnc1,ClNCc1cccnc1
Cc1cnc(N)c(C)c1Cl,Cc1cnc(N)c(C)c1Cl
Cc1cncc(N)c1CCl,Cc1cncc(N)c1CCl
Cc1ncc(N)cc1CCl,Cc1ncc(N)cc1CCl
Cc1ncnc(C)c1CCl,Cc1ncnc(C)c1CCl
Cc1nc(C)c(Cl)cc1N,Cc1nc(C)c(Cl)cc1N
Cc1ccnc(N)c1CCl,Cc1ccnc(N)c1CCl
Nc1cc(Cl)ncc1S,Nc1cc(Cl)ncc1S
C=C(Cl)/C=C\N(C)C#N,C=C(Cl)/C=C\N(C)C#N
C=C(/N=C(\C)Cl)NC,C=C(/N=C(\C)Cl)NC
CC(Cl)c1cccnc1N,CC(Cl)c1cccnc1N
CC(Cl)c1cnccc1N,CC(Cl)c1cnccc1N
CCc1ncncc1CCl,CCc1ncncc1CCl
C=Cc1ncc(Cl)n1C,C=Cc1ncc(Cl)n1C
Cc1ncc(C)c(CCl)n1,Cc1ncc(C)c(CCl)n1
Nc1c[nH]cc(Cl)c1=S,Nc1c[nH]cc(Cl)c1=S
CCc1c(N)cncc1Cl,CCc1c(N)cncc1Cl
SCc1ccnc(Cl)n1,SCc1ccnc(Cl)n1
SCc1cnc(Cl)cn1,SCc1cnc(Cl)cn1
C=C[C@@H](N)c1c[nH]c(Cl)c1,C=C[C@@H](N)c1c[nH]c(Cl)c1
CSc1ncncc1Cl,CSc1ncncc1Cl
Clc1ccn(CC2CC2)n1,Clc1ccn(CC2CC2)n1
Cn1ncc(CCl)c1Br,Cn1ncc(CCl)c1Br
C=CCCn1ccc(Cl)n1,C=CCCn1ccc(Cl)n1
Nc1ccnc(Cl)c1S,Nc1ccnc(Cl)c1S
CN(C#N)[C@@H]1C=C[C@H](Cl)C1,CN(C#N)[C@@H]1C=C[C@H](Cl)C1
Cc1c(N)cncc1CCl,Cc1c(N)cncc1CCl
Cc1cc(CCl)ncc1N,Cc1cc(CCl)ncc1N
C=C(Cl)CN=C(C)N,C=C(Cl)CN=C(C)N
Cc1cnc(CCl)cc1N,Cc1cnc(CCl)cc1N
Cc1nc(CCl)ccc1N,Cc1nc(CCl)ccc1N
NNc1ccccc1CCl,NNc1ccccc1CCl
CN(C#N)[C@@H]1C=C[C@@H](Cl)C1,CN(C#N)[C@@H]1C=C[C@@H](Cl)C1
Cc1cc(N)cnc1CCl,Cc1cc(N)cnc1CCl
Cc1ncc(CCl)cc1N,Cc1ncc(CCl)cc1N
Cc1ccc(N)c(CCl)n1,Cc1ccc(N)c(CCl)n1
Cc1cnc(CCl)c(N)c1,Cc1cnc(CCl)c(N)c1
Cc1nccc(N)c1CCl,Cc1nccc(N)c1CCl
Cc1cncc(CCl)c1N,Cc1cncc(CCl)c1N
NNc1cccc(CCl)c1,NNc1cccc(CCl)c1
Cc1ccnc(CCl)c1N,Cc1ccnc(CCl)c1N
C=C[C@H](N)c1ccc(Cl)[nH]1,C=C[C@H](N)c1ccc(Cl)[nH]1
Cc1cc(N)cc(CCl)n1,Cc1cc(N)cc(CCl)n1
Cc1c(N)ccnc1CCl,Cc1c(N)ccnc1CCl
Cc1ccc(N)nc1CCl,Cc1ccc(N)nc1CCl
C=CCn1ccc(Cl)n1,C=CCn1ccc(Cl)n1
C=C[C@H](N)c1cc[nH]c1Cl,C=C[C@H](N)c1cc[nH]c1Cl
CN/C=C(Cl)\C=C\C#N,CN/C=C(Cl)\C=C\C#N
N#CC1C=CCN1,N#CC1C=CCN1
ClC1=C=CC=NC1,ClC1=C=CC=NC1
Cl.c1cn2[nH]ccc2n1,Cl.c1cn2[nH]ccc2n1
C1=CC2=NC2C=N1,C1=CC2=NC2C=N1
Cc1ccc(Br)nn1.Cl,Cc1ccc(Br)nn1.Cl
Cc1ccc(Cl)nn1.Cl,Cc1ccc(Cl)nn1.Cl
NC1NC=C(Br)C=C1Cl,NC1NC=C(Br)C=C1Cl
CCC1(Cl)N=CC(Cl)=N1,CCC1(Cl)N=CC(Cl)=N1
NC1C=C(Cl)C=C(Cl)N1,NC1C=C(Cl)C=C(Cl)N1
C=N/C(Cl)=N\C(Cl)=C/C,C=N/C(Cl)=N\C(Cl)=C/C
C=C(C#N)C(=N)Cl,C=C(C#N)C(=N)Cl
Cl.Nc1ccc(Cl)nc1,Cl.Nc1ccc(Cl)nc1
CSc1cnc(Cl)cn1,CSc1cnc(Cl)cn1
C[C@H](N)c1ccncc1Cl,C[C@H](N)c1ccncc1Cl
C#CCCc1cnc[nH]1.Cl,C#CCCc1cnc[nH]1.Cl
Cl.NCc1cc[nH]c1,Cl.NCc1cc[nH]c1
Cl.N#CCNC1CC1,Cl.N#CCNC1CC1
Cl/C=C/Cc1ncc[nH]1,Cl/C=C/Cc1ncc[nH]1
C=CN1[C+]=NC=C1.[Cl-],C=CN1[C+]=NC=C1.[Cl-]
SCc1cc(Cl)ncn1,SCc1cc(Cl)ncn1
ClNNc1cccnc1,ClNNc1cccnc1
ClN1C=CC=CC=N1,ClN1C=CC=CC=N1
C=CN=C(N)C=C.Cl,C=CN=C(N)C=C.Cl
NN(Cl)c1cccnc1,NN(Cl)c1cccnc1
C=CCN1[C+]=NC=C1.[Cl-],C=CCN1[C+]=NC=C1.[Cl-]
ClNNc1ccncc1,ClNNc1ccncc1
CNc1cnc(Cl)c(C)c1,CNc1cnc(Cl)c(C)c1
CC#N.N#CCC(Cl)Cl,CC#N.N#CCC(Cl)Cl
C=C[NH+]1C=NCC1.[Cl-],C=C[NH+]1C=NCC1.[Cl-]
Cc1nnnc(Cl)c1C,Cc1nnnc(Cl)c1C
[Cl-].[N-]=[N+]=C1C=C[NH+]=CC1,[Cl-].[N-]=[N+]=C1C=C[NH+]=CC1
Cl.[N-]=[N+]=C1C=CC=CC1,Cl.[N-]=[N+]=C1C=CC=CC1
C=C(Cl)/N=C(Cl)\C=C/N,C=C(Cl)/N=C(Cl)\C=C/N
Nc1cccc(CNCl)c1,Nc1cccc(CNCl)c1
C=C/C=C(Cl)\N=C(/N)Cl,C=C/C=C(Cl)\N=C(/N)Cl
Cc1cccc(NNCl)c1,Cc1cccc(NNCl)c1
C/C(=N/Cl)n1cccn1,C/C(=N/Cl)n1cccn1
ClCCC1=[C+]N=CN1.[Cl-],ClCCC1=[C+]N=CN1.[Cl-]
N/C(=N\Cl)c1ccsc1,N/C(=N\Cl)c1ccsc1
Cc1cncn1CC=CCl,Cc1cncn1CC=CCl
Clc1cc2c(cn1)C2.N,Clc1cc2c(cn1)C2.N
CN(C)C=CC(=N)Cl,CN(C)C=CC(=N)Cl
CN(C)/C(Cl)=C/C=N,CN(C)/C(Cl)=C/C=N
CC1N=CNC(Cl)=C1Cl,CC1N=CNC(Cl)=C1Cl
C=C(Cl)c1snnc1C,C=C(Cl)c1snnc1C
CC1CN(C)N=C1Cl,CC1CN(C)N=C1Cl
CC1C=CNC(Cl)N1,CC1C=CNC(Cl)N1
CC1=NC=CC(N)=C(Cl)C1,CC1=NC=CC(N)=C(Cl)C1
CC1(C)C=NC=C(Cl)C=N1,CC1(C)C=NC=C(Cl)C=N1
CC1=C(Cl)CC=NC=N1,CC1=C(Cl)CC=NC=N1
CC1=CN(C)NC1Cl,CC1=CN(C)NC1Cl
CN=C/C(Cl)=C(/C)N,CN=C/C(Cl)=C(/C)N
NSc1cnccc1Cl,NSc1cnccc1Cl
C=C(C#N)C(C)=N,C=C(C#N)C(C)=N
C/C(Cl)=C1/N=CN=C1N,C/C(Cl)=C1/N=CN=C1N
C=C(C#N)C=NC,C=C(C#N)C=NC
CNc1nccc(C)c1Cl,CNc1nccc(C)c1Cl
CC1C2=C(C#N)N21,CC1C2=C(C#N)N21
ClC=C1N=C=N1,ClC=C1N=C=N1
CC1N=C(Cl)C=CN1F,CC1N=C(Cl)C=CN1F
CN=C1CC=CC(Cl)=CN1,CN=C1CC=CC(Cl)=CN1
C=C.Cc1cc(Cl)ncn1,C=C.Cc1cc(Cl)ncn1
NC1=CCC=C(Cl)N=C1,NC1=CCC=C(Cl)N=C1
C/C=N\C(Cl)=C/C(=N)Cl,C/C=N\C(Cl)=C/C(=N)Cl
C=C/C=C(/Cl)C(=C)N=NC,C=C/C=C(/Cl)C(=C)N=NC
CC(=N)/C(Cl)=C(/C)N,CC(=N)/C(Cl)=C(/C)N
C=C(C)C(=N)C#N,C=C(C)C(=N)C#N
NC1=CN=C(Cl)C=CC1,NC1=CN=C(Cl)C=CC1
NC1=CCC=CN=C1Cl,NC1=CCC=CN=C1Cl
C=C.Cc1ccc(Cl)nn1,C=C.Cc1ccc(Cl)nn1
C=C1C=CN=C1N,C=C1C=CN=C1N
C=C(Cl)c1cc(N)n[nH]1,C=C(Cl)c1cc(N)n[nH]1
CC(=N)/C=C(/Cl)C#N,CC(=N)/C=C(/Cl)C#N
NC1C=CC=CN=C1Cl,NC1C=CC=CN=C1Cl
CC(N)/C=C\C(=N)Cl,CC(N)/C=C\C(=N)Cl
CC1=C=CCN=N1,CC1=C=CCN=N1
C=NCc1[nH]ccc1Cl,C=NCc1[nH]ccc1Cl
C1=CN=CC=NC=1,C1=CN=CC=NC=1
ClC1=NCC=CC/C=N\1,ClC1=NCC=CC/C=N\1
C=C.Cc1ccnc(Cl)n1,C=C.Cc1ccnc(Cl)n1
C/C=C(/C#N)C=N,C/C=C(/C#N)C=N
c1nc2c([nH]1)CC2,c1nc2c([nH]1)CC2
CN1C=CC=C=N1,CN1C=CC=C=N1
C=C1C(Cl)=NC=NN1C,C=C1C(Cl)=NC=NN1C
Cl.c1cnc2c(c1)CNC2,Cl.c1cnc2c(c1)CNC2
Cl.c1cc2c(cn1)CNC2,Cl.c1cc2c(cn1)CNC2
Cc1ncc(S)c(Cl)n1,Cc1ncc(S)c(Cl)n1
Cc1ccccc1.N#[NH+].[Cl-],Cc1ccccc1.N#[NH+].[Cl-]
C=CC1=NCC[NH2+]1.[Cl-],C=CC1=NCC[NH2+]1.[Cl-]
Cc1cc(Cl)c(N)c(C)n1,Cc1cc(Cl)c(N)c(C)n1
CNc1ccc(N)cc1Cl,CNc1ccc(N)cc1Cl
Cc1cc(Cl)cc(N)n1,Cc1cc(Cl)cc(N)n1
CN1CCN=C1CCl,CN1CCN=C1CCl
N#C/C=C/C=C/N,N#C/C=C/C=C/N
C[N+]1(C)C=CN=C1.[Cl-],C[N+]1(C)C=CN=C1.[Cl-]
C=CCC(N)C#N.Cl,C=CCC(N)C#N.Cl
Cc1nn(C)c(Cl)c1Br,Cc1nn(C)c(Cl)c1Br
Cc1cc(C(C)Cl)ncn1,Cc1cc(C(C)Cl)ncn1
CC1=CN(Cl)NC(Cl)=C1,CC1=CN(Cl)NC(Cl)=C1
Cc1cc(Cl)cnn1,Cc1cc(Cl)cnn1
CCCc1ccc(Cl)nn1,CCCc1ccc(Cl)nn1
Cc1cc(N)nc(Cl)c1,Cc1cc(N)nc(Cl)c1
CC(C)c1cnc(Cl)nc1,CC(C)c1cnc(Cl)nc1
CCc1cnc(Cl)nc1C,CCc1cnc(Cl)nc1C
CCc1nc(Cl)ncc1C,CCc1nc(Cl)ncc1C
Cc1cc(N)cc(N)c1Cl,Cc1cc(N)cc(N)c1Cl
NC1(Cl)C=CC(Cl)=CN1,NC1(Cl)C=CC(Cl)=CN1
C#Cn1ccnc1,C#Cn1ccnc1
CCc1ncncc1Cl,CCc1ncncc1Cl
CN1C=C(Cl)N(C)C1,CN1C=C(Cl)N(C)C1
Clc1ccnnc1,Clc1ccnnc1
C1=CCN=NC=C1,C1=CCN=NC=C1
CSc1cnnc(Cl)c1,CSc1cnnc(Cl)c1
Clc1cnc2n1CCCC2,Clc1cnc2n1CCCC2
ClCc1nc[nH]c1CCl,ClCc1nc[nH]c1CCl
CCc1cncnc1Cl,CCc1cncnc1Cl
CC[NH+]1C=CN=C1.[Cl-],CC[NH+]1C=CN=C1.[Cl-]
Cl.ClCc1ncccn1,Cl.ClCc1ncccn1
CN1C=CN(C)C1Cl,CN1C=CN(C)C1Cl
Cl.N#Cc1cscc1N,Cl.N#Cc1cscc1N
NC1(Cl)C=CC=NC1Cl,NC1(Cl)C=CC=NC1Cl
CC1=C(Cl)C=NC(F)N1,CC1=C(Cl)C=NC(F)N1
CN1C(Cl)=CC=NC1Cl,CN1C(Cl)=CC=NC1Cl
C#Cc1ncc[nH]1,C#Cc1ncc[nH]1
Clc1nc(C2CC2)ns1,Clc1nc(C2CC2)ns1
ClCc1ncc2n1CCC2,ClCc1ncc2n1CCC2
Cc1nccn1C.Cl,Cc1nccn1C.Cl
C=CC#N.CC#N,C=CC#N.CC#N
NNc1ccncc1Cl,NNc1ccncc1Cl
Cc1cc(N)c(Cl)nc1C,Cc1cc(N)c(Cl)nc1C
Cc1nccc(Cl)c1N,Cc1nccc(Cl)c1N
CCc1cnc(N)c(Cl)c1,CCc1cnc(N)c(Cl)c1
Nc1ccnc(CCl)c1,Nc1ccnc(CCl)c1
Cc1ccc(NNCl)cc1,Cc1ccc(NNCl)cc1
CCNc1cccc(Cl)n1,CCNc1cccc(Cl)n1
N#[NH+].[Cl-].c1ccccc1,N#[NH+].[Cl-].c1ccccc1
ClCCc1ccncn1,ClCCc1ccncn1
c1cn2c(n1)CC2,c1cn2c(n1)CC2
ClCSc1cnccn1,ClCSc1cnccn1
NN(Cl)c1ccccc1,NN(Cl)c1ccccc1
CSc1cncc(Cl)n1,CSc1cncc(Cl)n1
C1=Cc2nccn2C1.Cl,C1=Cc2nccn2C1.Cl
Cc1ccc(CN)c(Cl)n1,Cc1ccc(CN)c(Cl)n1
CNNc1cccc(Cl)c1,CNNc1cccc(Cl)c1
Nc1ccc(N)c(Cl)n1,Nc1ccc(N)c(Cl)n1
CC(C)c1ncc(Cl)cn1,CC(C)c1ncc(Cl)cn1
Cc1ccccc1NNCl,Cc1ccccc1NNCl
NCCc1ccc(Cl)nc1,NCCc1ccc(Cl)nc1
N#CC1CN1CC(Cl)Cl,N#CC1CN1CC(Cl)Cl
Cl.N#Cc1cc(N)cs1,Cl.N#Cc1cc(N)cs1
ClNNc1ccccc1,ClNNc1ccccc1
CCc1cnc(Cl)c(C)n1,CCc1cnc(Cl)c(C)n1
CCc1ccc(Cl)nn1,CCc1ccc(Cl)nn1
Cc1cc(CCl)c(C)nn1,Cc1cc(CCl)c(C)nn1
Nc1ccc(CCl)nn1,Nc1ccc(CCl)nn1
Nc1nccnc1CCl,Nc1nccnc1CCl
Cc1cc(CCl)cnn1,Cc1cc(CCl)cnn1
Cc1ncc(CCl)c(C)n1,Cc1ncc(CCl)c(C)n1
Cc1cnc(C)c(CCl)n1,Cc1cnc(C)c(CCl)n1
Nc1nccc(CCl)n1,Nc1nccc(CCl)n1
ClCCc1cnccn1,ClCCc1cnccn1
ClCCc1cccnn1,ClCCc1cccnn1
CNc1ccc(N)c(Cl)c1,CNc1ccc(N)c(Cl)c1
ClCCc1ncccn1,ClCCc1ncccn1
[N-]=[N+]1C23CC1(C2)C3,[N-]=[N+]1C23CC1(C2)C3
CCc1ncnc(Cl)n1,CCc1ncnc(Cl)n1
CC(C)c1cncc(Cl)n1,CC(C)c1cncc(Cl)n1
Cc1cnc(N)cc1Cl,Cc1cnc(N)cc1Cl
Cc1ccc(Cl)nc1N,Cc1ccc(Cl)nc1N
Cc1nnccc1Cl,Cc1nnccc1Cl
CN(C)c1cccc(Cl)n1,CN(C)c1cccc(Cl)n1
CCc1cnc(Cl)cn1,CCc1cnc(Cl)cn1
CCc1cncc(Cl)n1,CCc1cncc(Cl)n1
CCc1ncc(Cl)cn1,CCc1ncc(Cl)cn1
CNc1ncc(Cl)cn1,CNc1ncc(Cl)cn1
Cc1ccc(N(N)Cl)cc1,Cc1ccc(N(N)Cl)cc1
Cn1nc2c(c1Cl)CCC2,Cn1nc2c(c1Cl)CCC2
Cc1cnc(CN)c(Cl)c1,Cc1cnc(CN)c(Cl)c1
[C-]#[N+]c1ccc[nH]1,[C-]#[N+]c1ccc[nH]1
N#CCC(Cl)C#N,N#CCC(Cl)C#N
[CH2-][NH2+]c1ccc(Cl)cn1,[CH2-][NH2+]c1ccc(Cl)cn1
NCc1ccc(Cl)cn1,NCc1ccc(Cl)cn1
NNc1ccnc(Cl)c1,NNc1ccnc(Cl)c1
C=C1C=NC=CN1,C=C1C=NC=CN1
Cc1[nH+]ccn1C.[Cl-],Cc1[nH+]ccn1C.[Cl-]
Cc1cnc(C)[nH]1.Cl,Cc1cnc(C)[nH]1.Cl
NCc1ncccc1Cl,NCc1ncccc1Cl
N=C1C=CN=CC1,N=C1C=CN=CC1
N=C1C=NC=CC1,N=C1C=NC=CC1
Cc1c(N)ccc(N)c1Cl,Cc1c(N)ccc(N)c1Cl
Cn1nnc2c1CC2Cl,Cn1nnc2c1CC2Cl
CNc1ccc(Cl)c(N)c1,CNc1ccc(Cl)c(N)c1
C=CCC(Cl)c1cn[nH]c1,C=CCC(Cl)c1cn[nH]c1
Nc1ccncc1CCCl,Nc1ccncc1CCCl
ClCCNc1ccccn1,ClCCNc1ccccn1
CCc1ccnnc1Cl,CCc1ccnnc1Cl
C=NC(C#N)=CC,C=NC(C#N)=CC
CC(Cl)C1(Cl)C=CN=N1,CC(Cl)C1(Cl)C=CN=N1
N#CC1C=NCC1,N#CC1C=NCC1
C#CCn1ccnc1C.Cl,C#CCn1ccnc1C.Cl
Cl.c1cc2c(cn1)CCN2,Cl.c1cc2c(cn1)CCN2
CN(C)/C=C(/Cl)C=N,CN(C)/C=C(/Cl)C=N
CC(Cl)Cc1ccncn1,CC(Cl)Cc1ccncn1
CNCc1cc(Cl)ccn1,CNCc1cc(Cl)ccn1
Cc1cc(CN)ncc1Cl,Cc1cc(CN)ncc1Cl
CNc1cc(C)c(Cl)cn1,CNc1cc(C)c(Cl)cn1
Cc1c(Cl)ccnc1CN,Cc1c(Cl)ccnc1CN
Cc1cc(Cl)cc(CN)n1,Cc1cc(Cl)cc(CN)n1
Cc1cnc(Cl)c(CN)c1,Cc1cnc(Cl)c(CN)c1
NCCc1ccncc1Cl,NCCc1ccncc1Cl
NCCc1cccnc1Cl,NCCc1cccnc1Cl
C[C@@H](N)c1cccc(Cl)n1,C[C@@H](N)c1cccc(Cl)n1
C[C@@H](N)c1ncccc1Cl,C[C@@H](N)c1ncccc1Cl
CCCc1ncc(Cl)cn1,CCCc1ncc(Cl)cn1
C[C@@H](N)c1cncc(Cl)c1,C[C@@H](N)c1cncc(Cl)c1
CNc1cc(C)cnc1Cl,CNc1cc(C)cnc1Cl
NCc1cncc(Cl)n1,NCc1cncc(Cl)n1
Cc1ncc(Cl)cc1CN,Cc1ncc(Cl)cc1CN
NCc1cnc(Cl)nc1,NCc1cnc(Cl)nc1
C[C@@H](N)c1ccc(Cl)cn1,C[C@@H](N)c1ccc(Cl)cn1
Cc1ncc(N)cc1Cl,Cc1ncc(N)cc1Cl
C[C@@H](N)c1cnccc1Cl,C[C@@H](N)c1cnccc1Cl
C[C@@H](N)c1cc(Cl)ccn1,C[C@@H](N)c1cc(Cl)ccn1
CNc1nccc(Cl)c1C,CNc1nccc(Cl)c1C
C[C@@H](N)c1cccnc1Cl,C[C@@H](N)c1cccnc1Cl
C[C@@H](N)c1ccc(Cl)nc1,C[C@@H](N)c1ccc(Cl)nc1
CC(C)c1ccnnc1Cl,CC(C)c1ccnnc1Cl
C[C@@H](N)c1ccncc1Cl,C[C@@H](N)c1ccncc1Cl
NCc1cnccc1Cl,NCc1cnccc1Cl
N#CC#CCCN,N#CC#CCCN
N#CC#C/C=C\N,N#CC#C/C=C\N
C[C@H]1CC1(N)C#N.Cl,C[C@H]1CC1(N)C#N.Cl
C[C@H]1C[C@@]1(N)C#N.Cl,C[C@H]1C[C@@]1(N)C#N.Cl
C[C@H]1C[C@]1(N)C#N.Cl,C[C@H]1C[C@]1(N)C#N.Cl
NCc1ccnnc1Cl,NCc1ccnnc1Cl
NC1=NC2C(Cl)=CC12,NC1=NC2C(Cl)=CC12
N#CC1NCC2C(Cl)C12,N#CC1NCC2C(Cl)C12
CC1CN=C(CCl)N1,CC1CN=C(CCl)N1
N#CC(=NC1CC1)NCl,N#CC(=NC1CC1)NCl
Cc1ncc(N)nc1Cl,Cc1ncc(N)nc1Cl
NC1=NCCCC1Cl,NC1=NCCCC1Cl
CC(N)c1ncccc1Cl,CC(N)c1ncccc1Cl
CC(N)c1ccncc1Cl,CC(N)c1ccncc1Cl
Fc1cnn(CCCl)c1,Fc1cnn(CCCl)c1
Cc1cnc(CCl)c(C)n1,Cc1cnc(CCl)c(C)n1
Cc1ncc(CCl)nc1C,Cc1ncc(CCl)nc1C
N#CCCN=C(Cl)CCl,N#CCCN=C(Cl)CCl
ClC/C=C/n1cccn1,ClC/C=C/n1cccn1
ClCCC1=NCCN1,ClCCC1=NCCN1
ClCCCc1ncccn1,ClCCCc1ncccn1
N#CC=C1CNC1,N#CC=C1CNC1
C=CC1C=CNC(Cl)=N1,C=CC1C=CNC(Cl)=N1
CCN(C#N)CCCl,CCN(C#N)CCCl
Cn1ncc(Cl)c1CCl,Cn1ncc(Cl)c1CCl
ClC/C=N/c1nccs1,ClC/C=N/c1nccs1
Cc1ccc(CCl)c(N)n1,Cc1ccc(CCl)c(N)n1
N#CCCC(C#N)CCl,N#CCCC(C#N)CCl
Cc1cc(Cl)nn1CCl,Cc1cc(Cl)nn1CCl
CN/C=C(Cl)/C=C/C#N,CN/C=C(Cl)/C=C/C#N
CNc1cc(CCl)ccn1,CNc1cc(CCl)ccn1
CC(C#N)(CCl)SC#N,CC(C#N)(CCl)SC#N
Cl.N#C[C@@H]1CCNC1,Cl.N#C[C@@H]1CCNC1
Cl.N#C[C@H]1CCNC1,Cl.N#C[C@H]1CCNC1
Cl.N#CC1CCNC1,Cl.N#CC1CCNC1
CCc1nccc(Cl)n1,CCc1nccc(Cl)n1
CCCc1nccc(Cl)n1,CCCc1nccc(Cl)n1
Cc1ncnc(N)c1Cl,Cc1ncnc(N)c1Cl
C[n+]1ccc(Br)cn1.[Cl-],C[n+]1ccc(Br)cn1.[Cl-]
C[n+]1ccc(Cl)cn1.[Cl-],C[n+]1ccc(Cl)cn1.[Cl-]
Cn1ccc(C(Cl)Cl)n1,Cn1ccc(C(Cl)Cl)n1
Cl.N#C[C@@H]1CCCN1,Cl.N#C[C@@H]1CCCN1
Cc1cc(C(Cl)Cl)n[nH]1,Cc1cc(C(Cl)Cl)n[nH]1
Cl.Nc1ccnc(Cl)c1,Cl.Nc1ccnc(Cl)c1
ClC=CCn1cncn1,ClC=CCn1cncn1
Cc1nccn1CC=CCl,Cc1nccn1CC=CCl
Cc1ccnn1CC=CCl,Cc1ccnn1CC=CCl
Cc1ccn(CC=CCl)n1,Cc1ccn(CC=CCl)n1
ClCC=CCn1ccnc1,ClCC=CCn1ccnc1
ClCC1(n2ccnc2)CC1,ClCC1(n2ccnc2)CC1
N#CC1C=CNC1,N#CC1C=CNC1
Cl.c1cnc2c(c1)CCN2,Cl.c1cnc2c(c1)CCN2
ClC=CCn1ccnc1,ClC=CCn1ccnc1
C=C(Cl)CNn1cccc1,C=C(Cl)CNn1cccc1
Cn1cc(C=CCCl)cn1,Cn1cc(C=CCCl)cn1
Cn1cncc1C=CCCl,Cn1cncc1C=CCCl
N=C(N)c1cc(Cl)cs1,N=C(N)c1cc(Cl)cs1
CCNc1ccncc1Cl,CCNc1ccncc1Cl
CC1(c2[nH]ncc2Cl)CC1,CC1(c2[nH]ncc2Cl)CC1
